{"stats":{"minecraft:broken":{"minecraft:stone_pickaxe":1},"minecraft:killed":{"minecraft:spider":11,"minecraft:pig":1,"minecraft:creeper":1,"minecraft:sheep":2,"minecraft:zombie":1,"minecraft:cow":2},"minecraft:custom":{"minecraft:mob_kills":18,"minecraft:interact_with_crafting_table":38,"minecraft:interact_with_campfire":17,"minecraft:bell_ring":49,"minecraft:leave_game":1,"minecraft:time_since_death":174,"minecraft:climb_one_cm":143,"minecraft:sprint_one_cm":257475,"minecraft:walk_one_cm":456406,"minecraft:drop":61,"minecraft:talked_to_villager":2,"minecraft:play_time":133958,"minecraft:deaths":6,"minecraft:sneak_time":3697,"minecraft:walk_under_water_one_cm":4072,"minecraft:boat_one_cm":490,"minecraft:jump":1476,"minecraft:interact_with_blast_furnace":2,"minecraft:walk_on_water_one_cm":2105,"minecraft:total_world_time":133958,"minecraft:interact_with_furnace":10,"minecraft:time_since_rest":204,"minecraft:damage_taken":4359,"minecraft:damage_dealt":3234,"minecraft:swim_one_cm":5122,"minecraft:fly_one_cm":250987,"minecraft:player_kills":2,"minecraft:open_chest":42,"minecraft:crouch_one_cm":11723,"minecraft:fall_one_cm":41213},"minecraft:dropped":{"minecraft:bread":51,"minecraft:oak_slab":1,"regions_unexplored:fireweed":1,"minecraft:oak_fence":3,"minecraft:apple":1,"born_in_chaos_v1:pieceofdarkmetal":1,"undead_unleashed:grave_metal_scrap":3,"minecraft:cobweb":6,"minecraft:dirt":3,"minecraft:oak_stairs":1,"minecraft:string":4,"ftbquests:book":2,"minecraft:dandelion":3,"butchersdelight:cow_hide":1,"minecraft:bone":1,"butchersdelight:deadchiken":1,"minecraft:stone_axe":1,"minecraft:iron_nugget":1,"quark:blue_corundum_cluster":2,"butchersdelight:cleaver":1,"minecraft:raw_iron":2,"minecraft:rotten_flesh":6,"minecraft:clay_ball":1,"minecraft:oak_planks":2,"undead_unleashed:grave_metal_sword":1,"minecraft:white_terracotta":2,"minecraft:flint_and_steel":1,"minecraft:oak_button":1,"minecraft:gunpowder":2,"minecraft:skeleton_skull":1,"butchersdelightfoods:beeftenderloin":6,"minecraft:spider_eye":2,"minecraft:stone_pickaxe":1,"immersiveengineering:seed":1},"minecraft:used":{"minecraft:stone_sword":45,"minecraft:flint_and_steel":13,"butchersdelightfoods:cookedporkloin":1,"minecraft:stone_shovel":21,"butchersdelight:hook":6,"butchersdelightfoods:cooked_leg_cow":1,"minecraft:torch":19,"minecraft:dirt":19,"minecraft:hay_block":1,"minecraft:furnace":3,"minecraft:cooked_beef":1,"butchersdelightfoods:cookedporkribs":2,"butchersdelightfoods:coockedbeeftenderloin":1,"minecraft:stone_pickaxe":244,"minecraft:oak_planks":30,"butchersdelight:skullcow":1,"minecraft:crafting_table":7,"minecraft:blast_furnace":1,"minecraft:black_bed":2,"minecraft:apple":10,"minecraft:bread":37,"minecraft:stone_axe":23,"minecraft:cobblestone":63,"quark:oak_chest":4,"minecraft:oak_boat":1},"minecraft:crafted":{"minecraft:oak_planks":84,"minecraft:stone_shovel":1,"minecraft:iron_nugget":9,"minecraft:furnace":3,"minecraft:flint_and_steel":1,"minecraft:stone_pickaxe":4,"minecraft:wheat":254,"butchersdelight:hook":1,"minecraft:crafting_table":5,"butchersdelight:cleaver":1,"minecraft:stone_axe":1,"butchersdelightfoods:coockedbeeftenderloin":1,"minecraft:bread":86,"minecraft:oak_boat":1,"minecraft:stick":16,"quark:oak_chest":3,"minecraft:torch":52},"minecraft:picked_up":{"minecraft:crafting_table":2,"minecraft:wheat":78,"butchersdelightfoods:legcow":4,"minecraft:clay_ball":1,"minecraft:oak_stairs":2,"minecraft:string":11,"butchersdelight:dead_cow":5,"butchersdelightfoods:cookedporkribs":3,"butchersdelight:cleaver":1,"butchersdelightfoods:sheeploin":2,"undead_unleashed:grave_metal_sword":1,"minecraft:beef":1,"minecraft:oak_boat":1,"minecraft:iron_nugget":2,"butchersdelightfoods:porkribs":2,"minecraft:stick":2,"minecraft:raw_iron":7,"minecraft:oak_door":3,"minecraft:oak_fence":3,"minecraft:torch":13,"born_in_chaos_v1:pieceofdarkmetal":1,"butchersdelightfoods:cooked_leg_cow":4,"minecraft:stone_sword":1,"minecraft:rotten_flesh":10,"butchersdelight:deadsheep":2,"butchersdelightfoods:coockedbeeftenderloin":4,"minecraft:hay_block":31,"butchersdelightfoods:ham":7,"butchersdelightfoods:sheeprack":2,"minecraft:white_terracotta":2,"minecraft:cobblestone":164,"minecraft:mutton":2,"minecraft:skeleton_skull":1,"minecraft:white_wool":2,"minecraft:oxeye_daisy":1,"butchersdelightfoods:beeftenderloin":4,"minecraft:black_bed":1,"butchersdelight:deadpig":3,"minecraft:flint":1,"minecraft:oak_log":21,"minecraft:gunpowder":4,"minecraft:dirt":57,"butchersdelight:deadchiken":2,"minecraft:bone":3,"minecraft:apple":5,"minecraft:wheat_seeds":3,"ftbquests:book":1,"minecraft:cobweb":6,"minecraft:oak_planks":5,"minecraft:oak_slab":1,"minecraft:dandelion":3,"minecraft:oak_pressure_plate":1,"butchersdelight:skullcow":1,"minecraft:gravel":1,"butchersdelight:cow_hide":8,"butchersdelightfoods:porkloin":1,"undead_unleashed:grave_metal_scrap":5,"minecraft:blast_furnace":1,"quark:blue_corundum_cluster":24,"butchersdelightfoods:beefribs":4,"quark:oak_chest":1,"minecraft:spider_eye":5,"butchersdelight:sheephide":1,"regions_unexplored:fireweed":1,"immersiveengineering:seed":4,"minecraft:stone_axe":1,"minecraft:oak_button":1,"butchersdelightfoods:sheepshank":2,"quark:blue_corundum":11,"minecraft:black_wool":1,"minecraft:coal":39},"minecraft:mined":{"minecraft:grass_block":10,"minecraft:hay_block":32,"minecraft:iron_ore":4,"minecraft:fire":9,"minecraft:vine":2,"minecraft:oak_stairs":1,"regions_unexplored:medium_grass":2,"minecraft:stone":152,"quark:blue_corundum":11,"quark:oak_chest":1,"minecraft:dandelion":1,"minecraft:crafting_table":3,"minecraft:torch":1,"minecraft:blast_furnace":1,"undead_unleashed:grave_soil":1,"quark:blue_corundum_cluster":4,"minecraft:cobblestone":8,"minecraft:oak_planks":4,"minecraft:wall_torch":4,"minecraft:skeleton_skull":1,"minecraft:white_terracotta":2,"butchersdelight:deadcowblock":2,"minecraft:black_bed":1,"minecraft:grass":11,"minecraft:oak_log":5,"minecraft:coal_ore":40,"minecraft:gravel":2,"minecraft:dirt":42,"minecraft:oak_leaves":3},"minecraft:killed_by":{"minecraft:player":1,"minecraft:creeper":1,"tenebrous_lands:stalker":1,"boh:jeff_the_killer":1,"undead_unleashed:frenzied_knight":2}},"DataVersion":3120}