{"stats":{"minecraft:killed":{"minecraft:spider":15,"minecraft:pig":1,"minecraft:creeper":1,"minecraft:sheep":2,"minecraft:zombie":1,"minecraft:cow":2},"minecraft:broken":{"minecraft:wooden_shovel":1,"minecraft:stone_pickaxe":5,"minecraft:stone_shovel":2},"minecraft:custom":{"minecraft:mob_kills":22,"minecraft:interact_with_crafting_table":58,"minecraft:interact_with_campfire":27,"minecraft:bell_ring":49,"minecraft:leave_game":2,"minecraft:time_since_death":34851,"minecraft:climb_one_cm":2910,"minecraft:sprint_one_cm":366721,"minecraft:walk_one_cm":694973,"minecraft:drop":62,"minecraft:talked_to_villager":2,"minecraft:play_time":223957,"minecraft:sneak_time":14343,"minecraft:deaths":8,"minecraft:walk_under_water_one_cm":6850,"minecraft:boat_one_cm":490,"minecraft:jump":2184,"minecraft:interact_with_blast_furnace":2,"minecraft:walk_on_water_one_cm":5336,"minecraft:total_world_time":223957,"minecraft:interact_with_furnace":11,"minecraft:time_since_rest":34880,"minecraft:damage_taken":5538,"minecraft:damage_dealt":4221,"minecraft:swim_one_cm":5122,"minecraft:fly_one_cm":317466,"minecraft:player_kills":2,"minecraft:open_chest":65,"minecraft:crouch_one_cm":61978,"minecraft:fall_one_cm":55413},"minecraft:dropped":{"minecraft:bread":51,"minecraft:oak_slab":1,"regions_unexplored:fireweed":1,"minecraft:oak_fence":3,"minecraft:apple":1,"born_in_chaos_v1:pieceofdarkmetal":1,"undead_unleashed:grave_metal_scrap":3,"minecraft:cobweb":6,"minecraft:dirt":3,"minecraft:oak_stairs":1,"minecraft:string":4,"butchersdelight:deadpig":1,"ftbquests:book":2,"minecraft:dandelion":3,"butchersdelight:cow_hide":1,"minecraft:bone":1,"butchersdelight:deadchiken":1,"minecraft:stone_axe":1,"minecraft:iron_nugget":1,"quark:blue_corundum_cluster":2,"butchersdelight:cleaver":1,"minecraft:raw_iron":2,"minecraft:rotten_flesh":6,"minecraft:clay_ball":1,"minecraft:oak_planks":2,"undead_unleashed:grave_metal_sword":1,"minecraft:white_terracotta":2,"minecraft:flint_and_steel":1,"minecraft:oak_button":1,"minecraft:gunpowder":2,"minecraft:skeleton_skull":1,"butchersdelightfoods:beeftenderloin":6,"minecraft:spider_eye":2,"minecraft:stone_pickaxe":1,"immersiveengineering:seed":1},"minecraft:used":{"minecraft:stone_sword":45,"minecraft:flint_and_steel":13,"butchersdelightfoods:cookedporkloin":1,"minecraft:stone_shovel":269,"minecraft:ladder":4,"minecraft:chest":1,"butchersdelight:hook":6,"minecraft:wooden_shovel":60,"butchersdelightfoods:cooked_leg_cow":1,"butchersdelightfoods:cookedbeefribs":1,"minecraft:torch":62,"minecraft:dirt":341,"regions_unexplored:magnolia_door":5,"minecraft:hay_block":1,"minecraft:furnace":3,"minecraft:cooked_beef":1,"butchersdelightfoods:cookedporkribs":2,"minecraft:cooked_mutton":2,"butchersdelightfoods:coockedbeeftenderloin":3,"minecraft:stone_pickaxe":715,"minecraft:oak_planks":30,"butchersdelight:skullcow":1,"minecraft:crafting_table":14,"minecraft:blast_furnace":1,"regions_unexplored:magnolia_planks":2,"minecraft:black_bed":2,"minecraft:apple":10,"minecraft:bread":37,"minecraft:gravel":5,"minecraft:stone_axe":90,"minecraft:cobblestone":463,"minecraft:cooked_porkchop":1,"minecraft:glass_pane":112,"quark:oak_chest":4,"minecraft:oak_boat":1,"butchersdelightfoods:cooked_sheeploin":2},"minecraft:crafted":{"minecraft:oak_planks":184,"minecraft:stone_shovel":2,"minecraft:iron_nugget":9,"minecraft:furnace":3,"minecraft:glass_pane":112,"minecraft:flint_and_steel":1,"minecraft:glass":16,"regions_unexplored:mauve_planks":16,"minecraft:ladder":8,"minecraft:stone_pickaxe":7,"minecraft:chest":1,"regions_unexplored:magnolia_planks":52,"minecraft:wheat":254,"minecraft:wooden_shovel":1,"butchersdelight:hook":1,"minecraft:crafting_table":12,"regions_unexplored:magnolia_door":6,"butchersdelight:cleaver":1,"minecraft:stone_axe":2,"butchersdelightfoods:coockedbeeftenderloin":1,"minecraft:bread":86,"minecraft:air":0,"minecraft:oak_boat":1,"minecraft:shield":1,"minecraft:stick":48,"quark:oak_chest":3,"minecraft:torch":88},"minecraft:picked_up":{"minecraft:crafting_table":3,"minecraft:wheat":78,"butchersdelightfoods:legcow":4,"born_in_chaos_v1:river_mint":7,"minecraft:clay_ball":1,"regions_unexplored:magnolia_log":13,"minecraft:oak_stairs":2,"butchersdelightfoods:cooked_ham":1,"minecraft:cornflower":1,"minecraft:string":15,"regions_unexplored:magnolia_door":1,"butchersdelight:dead_cow":5,"butchersdelightfoods:cookedporkribs":4,"butchersdelight:cleaver":1,"butchersdelightfoods:sheeploin":3,"undead_unleashed:grave_metal_sword":1,"minecraft:beef":1,"minecraft:oak_boat":1,"minecraft:iron_nugget":2,"minecraft:poppy":3,"butchersdelightfoods:porkribs":4,"butchersdelightfoods:cooked_sheeploin":1,"minecraft:stick":16,"minecraft:raw_iron":7,"minecraft:oak_door":3,"minecraft:oak_fence":3,"minecraft:torch":19,"minecraft:porkchop":1,"born_in_chaos_v1:pieceofdarkmetal":1,"butchersdelightfoods:cooked_leg_cow":5,"hexerei:sage_seed":6,"minecraft:stone_sword":1,"minecraft:rotten_flesh":10,"butchersdelight:deadsheep":2,"regions_unexplored:mauve_sapling":7,"regions_unexplored:mauve_log":16,"regions_unexplored:blue_magnolia_sapling":3,"butchersdelightfoods:coockedbeeftenderloin":4,"minecraft:hay_block":31,"butchersdelightfoods:ham":8,"butchersdelightfoods:sheeprack":3,"minecraft:white_terracotta":2,"minecraft:cobblestone":673,"minecraft:mutton":3,"minecraft:skeleton_skull":1,"minecraft:white_wool":2,"minecraft:oxeye_daisy":5,"butchersdelightfoods:beeftenderloin":4,"minecraft:leather":1,"minecraft:black_bed":1,"butchersdelight:deadpig":4,"minecraft:flint":1,"minecraft:oak_log":46,"butchersdelightfoods:cookedporkloin":1,"minecraft:gunpowder":9,"minecraft:dirt":416,"minecraft:cooked_mutton":1,"butchersdelight:deadchiken":2,"minecraft:bone":5,"minecraft:apple":7,"boh:kindness_flower":1,"butchersdelightfoods:cookedsheeprack":1,"minecraft:wheat_seeds":12,"regions_unexplored:magnolia_planks":2,"ftbquests:book":1,"minecraft:cobweb":6,"butchersdelightfoods:cookedsheepshank":1,"minecraft:oak_planks":5,"hexerei:animal_fat":1,"minecraft:oak_slab":1,"minecraft:cooked_porkchop":2,"minecraft:dandelion":7,"minecraft:oak_pressure_plate":1,"butchersdelight:skullcow":1,"minecraft:gravel":16,"butchersdelight:cow_hide":8,"butchersdelightfoods:porkloin":3,"minecraft:sand":26,"undead_unleashed:grave_metal_scrap":5,"minecraft:blast_furnace":1,"butchersdelightfoods:beefribs":4,"quark:oak_chest":1,"quark:blue_corundum_cluster":24,"minecraft:spider_eye":7,"butchersdelight:sheephide":2,"regions_unexplored:fireweed":1,"immersiveengineering:seed":10,"minecraft:stone_axe":1,"minecraft:oak_button":1,"minecraft:oak_sapling":19,"quark:blue_corundum":11,"butchersdelightfoods:sheepshank":3,"minecraft:black_wool":1,"minecraft:coal":109},"minecraft:mined":{"regions_unexplored:magnolia_log":3,"minecraft:grass_block":196,"minecraft:oxeye_daisy":2,"minecraft:hay_block":32,"minecraft:iron_ore":4,"minecraft:fire":9,"treechop:chopped_log":5,"minecraft:vine":2,"minecraft:dirt_path":1,"minecraft:oak_stairs":1,"regions_unexplored:medium_grass":2,"minecraft:stone":519,"minecraft:glass_pane":2,"quark:blue_corundum":11,"quark:oak_chest":1,"minecraft:dandelion":3,"minecraft:crafting_table":4,"minecraft:cornflower":2,"minecraft:torch":6,"minecraft:blast_furnace":1,"undead_unleashed:grave_soil":1,"minecraft:tall_grass":2,"quark:blue_corundum_cluster":4,"minecraft:cobblestone":29,"minecraft:oak_planks":4,"minecraft:wall_torch":9,"minecraft:skeleton_skull":1,"minecraft:white_terracotta":2,"butchersdelight:deadcowblock":2,"regions_unexplored:magnolia_door":1,"born_in_chaos_v1:river_mint":4,"minecraft:black_bed":1,"minecraft:grass":31,"minecraft:oak_log":5,"minecraft:coal_ore":110,"minecraft:gravel":17,"minecraft:dirt":165,"regions_unexplored:magnolia_planks":2,"minecraft:oak_leaves":3},"minecraft:killed_by":{"minecraft:player":1,"minecraft:creeper":1,"tenebrous_lands:stalker":1,"boh:jeff_the_killer":2,"undead_unleashed:frenzied_knight":2,"tenebrous_lands:scarecrow":1}},"DataVersion":3120}