{"stats":{"minecraft:broken":{"minecraft:stone_pickaxe":3,"minecraft:stone_shovel":1},"minecraft:killed":{"minecraft:spider":11,"minecraft:pig":1,"minecraft:creeper":1,"minecraft:sheep":2,"minecraft:zombie":1,"minecraft:cow":2},"minecraft:custom":{"minecraft:mob_kills":18,"minecraft:interact_with_crafting_table":40,"minecraft:interact_with_campfire":17,"minecraft:bell_ring":49,"minecraft:leave_game":1,"minecraft:time_since_death":18174,"minecraft:climb_one_cm":143,"minecraft:sprint_one_cm":285002,"minecraft:walk_one_cm":515340,"minecraft:drop":62,"minecraft:talked_to_villager":2,"minecraft:play_time":151958,"minecraft:deaths":6,"minecraft:sneak_time":4853,"minecraft:walk_under_water_one_cm":5017,"minecraft:boat_one_cm":490,"minecraft:jump":1698,"minecraft:interact_with_blast_furnace":2,"minecraft:walk_on_water_one_cm":4936,"minecraft:total_world_time":151958,"minecraft:interact_with_furnace":10,"minecraft:time_since_rest":18204,"minecraft:damage_taken":4552,"minecraft:damage_dealt":3264,"minecraft:swim_one_cm":5122,"minecraft:fly_one_cm":272120,"minecraft:player_kills":2,"minecraft:open_chest":46,"minecraft:crouch_one_cm":17391,"minecraft:fall_one_cm":47844},"minecraft:dropped":{"minecraft:bread":51,"minecraft:oak_slab":1,"regions_unexplored:fireweed":1,"minecraft:oak_fence":3,"minecraft:apple":1,"born_in_chaos_v1:pieceofdarkmetal":1,"undead_unleashed:grave_metal_scrap":3,"minecraft:cobweb":6,"minecraft:dirt":3,"minecraft:oak_stairs":1,"minecraft:string":4,"butchersdelight:deadpig":1,"ftbquests:book":2,"minecraft:dandelion":3,"butchersdelight:cow_hide":1,"minecraft:bone":1,"butchersdelight:deadchiken":1,"minecraft:stone_axe":1,"minecraft:iron_nugget":1,"quark:blue_corundum_cluster":2,"butchersdelight:cleaver":1,"minecraft:raw_iron":2,"minecraft:rotten_flesh":6,"minecraft:clay_ball":1,"minecraft:oak_planks":2,"undead_unleashed:grave_metal_sword":1,"minecraft:white_terracotta":2,"minecraft:flint_and_steel":1,"minecraft:oak_button":1,"minecraft:gunpowder":2,"minecraft:skeleton_skull":1,"butchersdelightfoods:beeftenderloin":6,"minecraft:spider_eye":2,"minecraft:stone_pickaxe":1,"immersiveengineering:seed":1},"minecraft:used":{"minecraft:stone_sword":45,"minecraft:flint_and_steel":13,"butchersdelightfoods:cookedporkloin":1,"minecraft:stone_shovel":183,"butchersdelight:hook":6,"butchersdelightfoods:cooked_leg_cow":1,"minecraft:torch":19,"minecraft:dirt":119,"minecraft:hay_block":1,"minecraft:furnace":3,"minecraft:cooked_beef":1,"butchersdelightfoods:cookedporkribs":2,"minecraft:cooked_mutton":2,"butchersdelightfoods:coockedbeeftenderloin":2,"minecraft:stone_pickaxe":393,"minecraft:oak_planks":30,"butchersdelight:skullcow":1,"minecraft:crafting_table":9,"minecraft:blast_furnace":1,"minecraft:black_bed":2,"minecraft:apple":10,"minecraft:bread":37,"minecraft:gravel":5,"minecraft:stone_axe":36,"minecraft:cobblestone":63,"quark:oak_chest":4,"minecraft:oak_boat":1},"minecraft:crafted":{"minecraft:oak_planks":84,"minecraft:stone_shovel":2,"minecraft:iron_nugget":9,"minecraft:furnace":3,"minecraft:flint_and_steel":1,"minecraft:stone_pickaxe":5,"regions_unexplored:magnolia_planks":4,"minecraft:wheat":254,"butchersdelight:hook":1,"minecraft:crafting_table":6,"butchersdelight:cleaver":1,"minecraft:stone_axe":2,"butchersdelightfoods:coockedbeeftenderloin":1,"minecraft:bread":86,"minecraft:oak_boat":1,"minecraft:stick":16,"quark:oak_chest":3,"minecraft:torch":52},"minecraft:picked_up":{"minecraft:crafting_table":3,"minecraft:wheat":78,"born_in_chaos_v1:river_mint":5,"butchersdelightfoods:legcow":4,"minecraft:clay_ball":1,"regions_unexplored:magnolia_log":13,"minecraft:oak_stairs":2,"minecraft:cornflower":1,"minecraft:string":11,"butchersdelight:dead_cow":5,"butchersdelightfoods:cookedporkribs":3,"butchersdelight:cleaver":1,"butchersdelightfoods:sheeploin":2,"undead_unleashed:grave_metal_sword":1,"minecraft:beef":1,"minecraft:oak_boat":1,"minecraft:iron_nugget":2,"minecraft:poppy":1,"butchersdelightfoods:porkribs":2,"minecraft:stick":2,"minecraft:raw_iron":7,"minecraft:oak_door":3,"minecraft:oak_fence":3,"minecraft:torch":13,"born_in_chaos_v1:pieceofdarkmetal":1,"butchersdelightfoods:cooked_leg_cow":4,"hexerei:sage_seed":2,"minecraft:stone_sword":1,"minecraft:rotten_flesh":10,"butchersdelight:deadsheep":2,"regions_unexplored:blue_magnolia_sapling":3,"butchersdelightfoods:coockedbeeftenderloin":4,"minecraft:hay_block":31,"butchersdelightfoods:ham":7,"butchersdelightfoods:sheeprack":2,"minecraft:white_terracotta":2,"minecraft:cobblestone":290,"minecraft:mutton":2,"minecraft:skeleton_skull":1,"minecraft:white_wool":2,"minecraft:oxeye_daisy":3,"butchersdelightfoods:beeftenderloin":4,"minecraft:black_bed":1,"butchersdelight:deadpig":4,"minecraft:flint":1,"minecraft:oak_log":21,"minecraft:gunpowder":9,"minecraft:dirt":197,"butchersdelight:deadchiken":2,"minecraft:bone":5,"minecraft:apple":5,"regions_unexplored:magnolia_planks":1,"minecraft:wheat_seeds":9,"ftbquests:book":1,"minecraft:cobweb":6,"minecraft:oak_planks":5,"hexerei:animal_fat":1,"minecraft:oak_slab":1,"minecraft:dandelion":7,"minecraft:oak_pressure_plate":1,"butchersdelight:skullcow":1,"minecraft:gravel":16,"butchersdelight:cow_hide":8,"butchersdelightfoods:porkloin":1,"undead_unleashed:grave_metal_scrap":5,"minecraft:blast_furnace":1,"quark:blue_corundum_cluster":24,"butchersdelightfoods:beefribs":4,"quark:oak_chest":1,"minecraft:spider_eye":5,"butchersdelight:sheephide":1,"regions_unexplored:fireweed":1,"immersiveengineering:seed":7,"minecraft:stone_axe":1,"minecraft:oak_button":1,"butchersdelightfoods:sheepshank":2,"quark:blue_corundum":11,"minecraft:black_wool":1,"minecraft:coal":55},"minecraft:mined":{"regions_unexplored:magnolia_log":3,"minecraft:grass_block":96,"minecraft:oxeye_daisy":1,"minecraft:hay_block":32,"minecraft:iron_ore":4,"minecraft:fire":9,"treechop:chopped_log":1,"minecraft:vine":2,"minecraft:oak_stairs":1,"regions_unexplored:medium_grass":2,"minecraft:stone":283,"quark:blue_corundum":11,"quark:oak_chest":1,"minecraft:dandelion":3,"minecraft:crafting_table":4,"minecraft:cornflower":2,"minecraft:torch":1,"minecraft:blast_furnace":1,"undead_unleashed:grave_soil":1,"quark:blue_corundum_cluster":4,"minecraft:cobblestone":9,"minecraft:oak_planks":4,"minecraft:wall_torch":4,"minecraft:skeleton_skull":1,"minecraft:white_terracotta":2,"butchersdelight:deadcowblock":2,"born_in_chaos_v1:river_mint":3,"minecraft:black_bed":1,"minecraft:grass":24,"minecraft:oak_log":5,"minecraft:coal_ore":56,"minecraft:gravel":17,"minecraft:dirt":106,"regions_unexplored:magnolia_planks":1,"minecraft:oak_leaves":3},"minecraft:killed_by":{"minecraft:player":1,"minecraft:creeper":1,"tenebrous_lands:stalker":1,"boh:jeff_the_killer":1,"undead_unleashed:frenzied_knight":2}},"DataVersion":3120}