{"stats":{"minecraft:broken":{"minecraft:wooden_pickaxe":1,"minecraft:stone_pickaxe":1},"minecraft:crafted":{"minecraft:oak_planks":40,"minecraft:furnace":1,"butchersdelightfoods:cooked_ham":1,"minecraft:cobblestone_stairs":8,"minecraft:stone_pickaxe":1,"minecraft:oak_button":1,"minecraft:wheat":81,"minecraft:crafting_table":2,"minecraft:wooden_pickaxe":1,"minecraft:campfire":1,"minecraft:stone_axe":1,"minecraft:bread":23,"minecraft:air":0,"minecraft:stick":8,"quark:oak_chest":1,"minecraft:stone_sword":1},"minecraft:custom":{"minecraft:mob_kills":34,"minecraft:interact_with_crafting_table":20,"minecraft:interact_with_campfire":9,"minecraft:bell_ring":4,"minecraft:leave_game":2,"minecraft:time_since_death":296,"minecraft:climb_one_cm":428,"minecraft:sprint_one_cm":385820,"minecraft:walk_one_cm":307899,"minecraft:drop":59,"minecraft:play_time":135006,"minecraft:deaths":15,"minecraft:sneak_time":17570,"minecraft:walk_under_water_one_cm":744,"minecraft:boat_one_cm":12784,"minecraft:jump":1992,"minecraft:walk_on_water_one_cm":4101,"minecraft:total_world_time":135006,"minecraft:interact_with_furnace":8,"minecraft:time_since_rest":487,"minecraft:damage_taken":6966,"minecraft:damage_dealt":5756,"minecraft:swim_one_cm":3635,"minecraft:fly_one_cm":435547,"minecraft:player_kills":3,"minecraft:open_chest":20,"minecraft:crouch_one_cm":76418,"minecraft:fall_one_cm":66929},"minecraft:killed":{"minecraft:spider":6,"minecraft:skeleton":3,"minecraft:pig":2,"born_in_chaos_v1:baby_skeleton":1,"minecraft:creeper":5,"minecraft:sheep":1,"undead_unleashed:frenzied_knight":1,"born_in_chaos_v1:bloody_gadfly":1,"minecraft:zombie":5,"born_in_chaos_v1:dread_hound":1,"boh:jeff_the_killer":1,"minecraft:cow":3},"minecraft:mined":{"regions_unexplored:willow_shrub":1,"minecraft:oak_sapling":1,"minecraft:oak_door":4,"minecraft:andesite_stairs":1,"minecraft:cobblestone_stairs":2,"minecraft:grass_block":4,"minecraft:oxeye_daisy":1,"minecraft:hay_block":10,"minecraft:furnace":3,"minecraft:carrots":4,"minecraft:fire":2,"treechop:chopped_log":1,"minecraft:potatoes":6,"minecraft:vine":1,"minecraft:oak_stairs":2,"minecraft:stone":204,"minecraft:oak_slab":7,"regions_unexplored:mauve_slab":7,"undead_unleashed:ancient_dirt":2,"minecraft:crafting_table":5,"minecraft:torch":3,"undead_unleashed:grave_soil":1,"minecraft:campfire":1,"minecraft:stone_slab":1,"minecraft:tall_grass":8,"minecraft:cobblestone":37,"regions_unexplored:daisy":1,"minecraft:oak_planks":69,"minecraft:wall_torch":5,"minecraft:stone_stairs":2,"minecraft:red_candle":1,"regions_unexplored:hyssop":2,"butchersdelight:deadcowblock":1,"minecraft:wheat":16,"minecraft:black_bed":2,"minecraft:yellow_bed":1,"minecraft:grass":49,"minecraft:coal_ore":23,"minecraft:oak_log":5,"minecraft:beetroots":1,"minecraft:dirt":8,"minecraft:cobweb":1,"regions_unexplored:magnolia_planks":21,"minecraft:oak_leaves":6,"minecraft:fern":1,"regions_unexplored:fireweed":3},"minecraft:dropped":{"regions_unexplored:fireweed":3,"butchersdelight:dead_cow":1,"regions_unexplored:willow_shrub":2,"minecraft:wheat_seeds":19,"butchersdelightfoods:coockedbeeftenderloin":10,"minecraft:cobblestone":53,"undead_unleashed:grave_metal_scrap":3,"regions_unexplored:daisy":5,"minecraft:cobblestone_stairs":3,"minecraft:cobweb":6,"minecraft:dirt":11,"minecraft:torch":3,"minecraft:oak_stairs":3,"minecraft:paper":3,"butchersdelight:deadpig":2,"ftbquests:book":1,"butchersdelight:cow_hide":1,"minecraft:bone":1,"minecraft:stone_axe":1,"hexerei:sage_seed":3,"minecraft:iron_nugget":1,"minecraft:stone_sword":1,"minecraft:raw_copper":7,"minecraft:raw_iron":1,"minecraft:beetroot":1,"minecraft:rotten_flesh":1,"minecraft:clay_ball":4,"minecraft:oak_planks":12,"regions_unexplored:hyssop":4,"minecraft:carrot":1,"minecraft:oak_button":1,"minecraft:gunpowder":2,"minecraft:charcoal":2,"minecraft:beetroot_seeds":3,"born_in_chaos_v1:corpse_maggot":1,"immersiveengineering:seed":3,"minecraft:black_wool":3},"minecraft:picked_up":{"minecraft:charcoal":2,"minecraft:crafting_table":5,"minecraft:wheat":16,"minecraft:clay_ball":4,"minecraft:oak_stairs":2,"minecraft:enchanted_book":1,"minecraft:string":12,"minecraft:stone_stairs":2,"minecraft:raw_copper":7,"minecraft:flint_and_steel":1,"minecraft:red_candle":1,"butchersdelightfoods:cookedporkribs":1,"butchersdelight:dead_cow":4,"minecraft:beetroot":1,"minecraft:cracked_stone_bricks":1,"minecraft:oak_boat":2,"born_in_chaos_v1:gnawed_bones":1,"minecraft:iron_nugget":1,"minecraft:furnace":5,"minecraft:raw_iron":1,"minecraft:stick":3,"minecraft:oak_door":2,"minecraft:oak_fence":1,"minecraft:torch":11,"minecraft:carrot":3,"regions_unexplored:daisy":5,"butchersdelightfoods:cooked_leg_cow":2,"hexerei:sage_seed":7,"minecraft:arrow":4,"butchersdelight:deadsheep":1,"minecraft:rotten_flesh":4,"minecraft:beetroot_seeds":3,"butchersdelightfoods:coockedbeeftenderloin":11,"butchersdelightfoods:ham":1,"minecraft:hay_block":10,"supplementaries:ash":1,"minecraft:white_terracotta":2,"minecraft:cobblestone":279,"born_in_chaos_v1:corpse_maggot":2,"butchersdelightfoods:beeftenderloin":5,"minecraft:black_bed":2,"regions_unexplored:mauve_slab":3,"minecraft:potato":9,"butchersdelight:deadpig":2,"minecraft:oak_log":13,"minecraft:yellow_bed":1,"minecraft:gunpowder":2,"minecraft:cobblestone_stairs":2,"minecraft:dirt":43,"born_in_chaos_v1:monster_skin":1,"born_in_chaos_v1:marigolds":1,"minecraft:bone":15,"butchersdelightfoods:cookedbeefribs":3,"regions_unexplored:magnolia_planks":21,"minecraft:wheat_seeds":26,"ftbquests:book":1,"minecraft:oak_planks":78,"hexerei:animal_fat":3,"minecraft:oak_slab":8,"born_in_chaos_v1:ethereal_spirit":1,"butchersdelight:cow_hide":1,"undead_unleashed:grave_metal_scrap":6,"regions_unexplored:hyssop":26,"regions_unexplored:fireweed":3,"immersiveengineering:seed":11,"minecraft:stone_axe":1,"regions_unexplored:willow_shrub":2,"minecraft:emerald":1,"minecraft:bread":19,"minecraft:oak_sapling":9,"minecraft:coal":23,"minecraft:black_wool":3},"minecraft:used":{"minecraft:oak_fence":1,"minecraft:stone_sword":12,"minecraft:iron_sword":148,"butchersdelightfoods:cooked_leg_cow":2,"minecraft:oak_door":2,"butchersdelightfoods:cookedbeefribs":3,"minecraft:torch":8,"minecraft:dirt":10,"minecraft:carrot":4,"regions_unexplored:mauve_slab":1,"minecraft:red_candle":1,"minecraft:hay_block":1,"minecraft:furnace":2,"minecraft:potato":3,"butchersdelightfoods:cookedporkribs":3,"minecraft:cobblestone_stairs":7,"butchersdelightfoods:coockedbeeftenderloin":1,"minecraft:stone_pickaxe":244,"minecraft:oak_planks":53,"minecraft:wooden_pickaxe":59,"minecraft:cracked_stone_bricks":1,"minecraft:crafting_table":6,"minecraft:campfire":1,"regions_unexplored:magnolia_planks":21,"minecraft:black_bed":3,"minecraft:bread":37,"butchersdelightfoods:cooked_ham":1,"minecraft:stone_axe":115,"minecraft:cobblestone":283,"minecraft:oak_boat":1,"quark:oak_chest":1,"minecraft:experience_bottle":3},"minecraft:killed_by":{"minecraft:player":1,"minecraft:spider":3,"tenebrous_lands:stalker":2,"boh:michael_davies":1,"undead_unleashed:frenzied_knight":6,"minecraft:cow":1}},"DataVersion":3120}