{"stats":{"minecraft:killed_by":{"spore:inf_player":1},"minecraft:picked_up":{"minecraft:wooden_axe":1,"minecraft:stick":21,"regions_unexplored:magnolia_log":1,"spore:infested_dirt":87,"minecraft:torch":1,"minecraft:dandelion":2,"undead_unleashed:grave_metal_scrap":4,"regions_unexplored:daisy":2,"minecraft:dirt":10,"hexerei:sage_seed":4,"regions_unexplored:hyssop":1,"minecraft:bone":2,"minecraft:arrow":1,"minecraft:rotten_flesh":2,"immersiveengineering:seed":6,"minecraft:wheat_seeds":7},"minecraft:mined":{"spore:fungal_stem_sapling":2,"spore:mycelium_veins":3,"spore:fungal_roots":3,"regions_unexplored:hyssop":1,"spore:wall_growths_big":105,"spore:wall_growths":130,"minecraft:hanging_roots":1,"spore:bloomfung2":68,"spore:rotten_log":5,"spore:blomfung":4,"spore:biomass_lump":1,"regions_unexplored:magnolia_log":1,"minecraft:dandelion":2,"regions_unexplored:mauve_leaves":1,"spore:growths_big":37,"spore:growth_mycelium":23,"minecraft:torch":1,"spore:fungal_stem_top":12,"minecraft:grass":46,"minecraft:mycelium":8,"minecraft:grass_block":3,"spore:hive_spawn":1,"spore:fungal_stem":42,"minecraft:dirt":6,"minecraft:tall_grass":5,"regions_unexplored:medium_grass":2,"regions_unexplored:daisy":2,"spore:growths_small":22,"spore:infested_dirt":97},"minecraft:broken":{"minecraft:wooden_axe":1},"minecraft:used":{"minecraft:wooden_axe":101,"minecraft:stone_sword":21,"minecraft:torch":1,"minecraft:dirt":5,"regions_unexplored:magnolia_log":1},"minecraft:custom":{"minecraft:time_since_rest":12206,"minecraft:damage_taken":474,"minecraft:walk_one_cm":98192,"minecraft:damage_dealt":25,"minecraft:interact_with_crafting_table":1,"minecraft:fly_one_cm":3501,"minecraft:open_chest":7,"minecraft:deaths":1,"minecraft:play_time":27703,"minecraft:jump":452,"minecraft:leave_game":1,"minecraft:time_since_death":12150,"minecraft:total_world_time":27703,"minecraft:fall_one_cm":5127}},"DataVersion":3120}