{"stats":{"minecraft:picked_up":{"regions_unexplored:hyssop":1,"minecraft:bone":2,"minecraft:arrow":1,"minecraft:rotten_flesh":2,"minecraft:torch":1,"minecraft:dandelion":1,"undead_unleashed:grave_metal_scrap":4,"regions_unexplored:daisy":2,"minecraft:dirt":6},"minecraft:mined":{"spore:fungal_stem_top":1,"minecraft:grass":2,"spore:mycelium_veins":1,"regions_unexplored:hyssop":1,"minecraft:grass_block":1,"spore:wall_growths_big":2,"spore:fungal_stem":3,"spore:wall_growths":6,"minecraft:dirt":6,"minecraft:tall_grass":1,"regions_unexplored:medium_grass":1,"regions_unexplored:daisy":2,"minecraft:dandelion":1,"regions_unexplored:mauve_leaves":1,"spore:growths_big":1,"spore:growth_mycelium":1,"minecraft:torch":1},"minecraft:used":{"minecraft:torch":1,"minecraft:dirt":5},"minecraft:custom":{"minecraft:open_chest":4,"minecraft:time_since_rest":11718,"minecraft:damage_taken":130,"minecraft:play_time":11718,"minecraft:walk_one_cm":48750,"minecraft:jump":221,"minecraft:damage_dealt":25,"minecraft:leave_game":1,"minecraft:time_since_death":11718,"minecraft:total_world_time":11718,"minecraft:interact_with_crafting_table":1,"minecraft:fall_one_cm":2567,"minecraft:fly_one_cm":3040}},"DataVersion":3120}