{"stats":{"minecraft:killed_by":{"minecraft:sheep":1,"minecraft:creeper":9,"minecraft:pillager":1,"spore:inf_human":8,"boh:jeff_the_killer":4,"minecraft:drowned":1,"undead_unleashed:frenzied_knight":3,"spore:inf_player":10,"spore:inf_villager":2,"cataclysm:deepling_brute":3,"minecraft:zombie":2,"cotw:harvester":3,"minecraft:player":3,"minecraft:spider":9,"tenebrous_lands:stalker":2,"tenebrous_lands:demogon":1,"minecraft:skeleton":25,"born_in_chaos_v1:corpse_fish":2},"minecraft:picked_up":{"minecraft:wooden_axe":2,"spore:mutated_heart":2,"minecraft:wheat":3,"spore:infested_dirt":18,"regions_unexplored:magnolia_log":256,"minecraft:lead":1,"minecraft:oak_stairs":6,"minecraft:string":17,"minecraft:raw_copper":26,"regions_unexplored:magnolia_door":3,"minecraft:red_candle":6,"minecraft:bucket":2,"undead_unleashed:grave_metal_sword":1,"minecraft:cobblestone_slab":3,"minecraft:furnace":1,"minecraft:stick":175,"minecraft:oak_fence":1,"minecraft:torch":27,"minecraft:porkchop":1,"regions_unexplored:daisy":7,"fantasyfurniture:furniture_station":1,"regions_unexplored:magnolia_pressure_plate":2,"minecraft:rotten_flesh":56,"regions_unexplored:mauve_log":12,"regions_unexplored:blue_magnolia_sapling":128,"supplementaries:ash":9,"minecraft:cobblestone":280,"minecraft:water_bucket":1,"minecraft:black_bed":1,"minecraft:brown_wool":5,"butchersdelight:deadpig":2,"minecraft:dirt":857,"born_in_chaos_v1:marigolds":6,"minecraft:bone":23,"butchersdelightfoods:cookedbeefribs":2,"regions_unexplored:magnolia_planks":240,"minecraft:wheat_seeds":50,"ftbquests:book":2,"minecraft:oak_planks":16,"hexerei:animal_fat":2,"butchersdelightfoods:cooked_llama_leg":2,"minecraft:cooked_porkchop":1,"immersiveengineering:raw_aluminum":11,"hexerei:sage":10,"tenebrous_lands:zenyr":1,"regions_unexplored:hyssop":18,"minecraft:yellow_carpet":1,"regions_unexplored:willow_shrub":2,"regions_unexplored:magnolia_trapdoor":2,"minecraft:bread":18,"minecraft:oak_sapling":9,"minecraft:crafting_table":5,"minecraft:clay_ball":1,"born_in_chaos_v1:smoked_monster_flesh":1,"born_in_chaos_v1:river_mint":1,"minecraft:wooden_pickaxe":1,"minecraft:cornflower":6,"minecraft:moss_carpet":1,"minecraft:white_carpet":2,"butchersdelightfoods:cookedporkribs":1,"minecraft:cracked_stone_bricks":1,"minecraft:oak_boat":5,"minecraft:poppy":4,"minecraft:sugar_cane":4,"minecraft:chest":1,"minecraft:raw_iron":3,"minecraft:oak_door":5,"butchersdelightfoods:cooked_leg_cow":3,"hexerei:sage_seed":34,"minecraft:arrow":27,"regions_unexplored:mauve_sapling":6,"butchersdelightfoods:coockedbeeftenderloin":3,"minecraft:hay_block":8,"minecraft:skeleton_skull":1,"minecraft:oxeye_daisy":1,"born_in_chaos_v1:corpse_maggot":1,"spore:infested_stone":17,"regions_unexplored:mauve_slab":11,"regions_unexplored:meadow_sage":5,"minecraft:oak_log":19,"minecraft:yellow_bed":2,"minecraft:gunpowder":8,"minecraft:cobblestone_stairs":1,"regions_unexplored:small_oak_sapling":3,"butchersdelight:deadchiken":1,"minecraft:apple":1,"boh:kindness_flower":9,"horror_element_mod:bloody_tombstone":1,"regions_unexplored:magnolia_slab":27,"minecraft:stone_pickaxe":3,"spore:mutated_fiber":8,"minecraft:oak_slab":6,"minecraft:pumpkin":3,"minecraft:dandelion":2,"minecraft:lava_bucket":1,"undead_unleashed:grave_metal_scrap":19,"minecraft:blast_furnace":1,"minecraft:spider_eye":6,"butchersdelight:sheephide":1,"regions_unexplored:fireweed":7,"immersiveengineering:seed":26,"minecraft:gray_wool":2,"minecraft:black_wool":8,"minecraft:coal":27,"regions_unexplored:small_oak_log":13},"minecraft:dropped":{"minecraft:crafting_table":2,"minecraft:cracked_stone_bricks":1,"minecraft:dirt":45,"butchersdelightfoods:cooked_leg_cow":2,"ftbquests:book":3,"minecraft:white_wool":1,"minecraft:bone":2,"minecraft:stone_axe":1,"minecraft:wheat":64,"minecraft:oak_planks":2,"regions_unexplored:magnolia_slab":24,"minecraft:poppy":1,"minecraft:arrow":8,"immersiveengineering:seed":1,"regions_unexplored:magnolia_planks":144,"minecraft:bread":1,"minecraft:oak_slab":1,"butchersdelightfoods:cooked_llama_leg":1,"minecraft:cobblestone":71,"minecraft:torch":1,"minecraft:wooden_axe":3,"minecraft:oak_stairs":4,"minecraft:dandelion":1,"minecraft:raw_copper":5,"minecraft:white_carpet":2,"minecraft:clay_ball":1,"regions_unexplored:hyssop":12,"minecraft:oak_boat":1,"minecraft:stone_pickaxe":1,"minecraft:wooden_pickaxe":1,"minecraft:black_wool":2},"minecraft:mined":{"spore:fungal_roots":13,"spore:wall_growths":390,"regions_unexplored:magnolia_log":5,"minecraft:grass_block":211,"minecraft:brown_wool":5,"spore:fungal_stem":90,"horror_element_mod:bloody_tombstone":1,"minecraft:oxeye_daisy":2,"spore:infested_dirt":41,"spore:mycelium_veins":28,"regions_unexplored:magnolia_trapdoor":3,"minecraft:iron_ore":1,"minecraft:fire":5,"spore:infested_stone":19,"minecraft:pumpkin":3,"minecraft:moss_carpet":1,"spore:growth_mycelium":110,"realmrpg_skeletons:rookie_skeleton":1,"supplementaries:stick":1,"minecraft:oak_stairs":4,"horror_element_mod:spiked_body":1,"horror_element_mod:dead_experiment":2,"regions_unexplored:mauve_slab":8,"spore:growths_big":111,"minecraft:torch":2,"regions_unexplored:magnolia_pressure_plate":2,"minecraft:poppy":3,"minecraft:chest":1,"regions_unexplored:blue_magnolia_leaves":23,"minecraft:cobblestone":131,"regions_unexplored:meadow_sage":3,"minecraft:sugar_cane":2,"minecraft:oak_planks":19,"minecraft:wall_torch":10,"minecraft:skeleton_skull":1,"spore:fungal_stem_sapling":2,"regions_unexplored:hyssop":4,"minecraft:red_candle":4,"realmrpg_skeletons:bow_skeleton":1,"regions_unexplored:blue_magnolia_sapling":7,"horror_element_mod:spiked_villager":1,"minecraft:wheat":3,"regions_unexplored:magnolia_door":2,"minecraft:black_bed":1,"minecraft:grass":211,"minecraft:oak_log":9,"minecraft:dirt":439,"spore:hanging_fungal_stem":8,"minecraft:oak_leaves":7,"spore:remains":3,"regions_unexplored:fireweed":7,"realmrpg_skeletons:waterdrop_skeleton":1,"spore:wall_growths_big":392,"minecraft:oak_door":4,"fantasyfurniture:furniture_station":1,"regions_unexplored:magnolia_slab":24,"spore:growths_small":74,"minecraft:hay_block":8,"spore:rotten_log":26,"spore:blomfung":44,"treechop:chopped_log":20,"horror_element_mod:scientist_body":1,"minecraft:cobblestone_slab":3,"regions_unexplored:medium_grass":10,"minecraft:stone":97,"immersiveengineering:ore_aluminum":11,"minecraft:oak_slab":5,"born_in_chaos_v1:marigolds":4,"minecraft:dandelion":2,"minecraft:oak_fence":1,"boh:kindness_flower":9,"minecraft:crafting_table":2,"minecraft:cornflower":4,"minecraft:tall_grass":29,"minecraft:copper_ore":7,"regions_unexplored:daisy":6,"minecraft:gray_wool":2,"spore:bloomfung2":178,"minecraft:yellow_bed":2,"spore:fungal_stem_top":30,"minecraft:black_wool":6,"minecraft:coal_ore":25,"minecraft:mycelium":61,"minecraft:cobweb":9,"hexerei:sage_crop":4,"regions_unexplored:magnolia_planks":105,"minecraft:fern":1},"minecraft:killed":{"minecraft:spider":6,"minecraft:skeleton":2,"tenebrous_lands:demogon":1,"minecraft:pig":1,"spore:inf_player":3,"minecraft:creeper":1,"undead_unleashed:frenzied_knight":2,"spore:mound":5,"minecraft:zombie":2,"spore:inf_human":2,"boh:jeff_the_killer":4},"minecraft:broken":{"minecraft:wooden_shovel":3,"minecraft:stone_pickaxe":3,"minecraft:stone_axe":1,"minecraft:wooden_axe":5},"minecraft:used":{"minecraft:moss_carpet":1,"minecraft:poppy":1,"minecraft:chest":10,"minecraft:shield":3,"undead_unleashed:grave_metal_sword":16,"butchersdelightfoods:cookedbeefribs":1,"regions_unexplored:mauve_sapling":4,"regions_unexplored:mauve_slab":61,"boh:kindness_flower":8,"minecraft:lava_bucket":16,"minecraft:hay_block":11,"minecraft:furnace":1,"minecraft:oak_sapling":6,"butchersdelightfoods:cookedporkribs":1,"minecraft:stone_pickaxe":280,"minecraft:oak_planks":12,"minecraft:wooden_pickaxe":65,"minecraft:black_bed":1,"minecraft:pumpkin_seeds":8,"regions_unexplored:fireweed":4,"regions_unexplored:magnolia_slab":542,"minecraft:bread":20,"minecraft:brown_wool":6,"born_in_chaos_v1:marigolds":3,"born_in_chaos_v1:smoked_monster_flesh":1,"butchersdelightfoods:cooked_ham":2,"minecraft:wooden_sword":8,"minecraft:smithing_table":1,"minecraft:oak_boat":10,"minecraft:cobweb":3,"minecraft:oak_fence":1,"regions_unexplored:magnolia_pressure_plate":3,"minecraft:stone_sword":84,"minecraft:wooden_shovel":343,"minecraft:oak_door":7,"minecraft:stick":1,"minecraft:torch":65,"minecraft:dirt":725,"minecraft:yellow_carpet":1,"regions_unexplored:willow_shrub":2,"regions_unexplored:hyssop":4,"minecraft:wooden_axe":724,"regions_unexplored:magnolia_door":9,"regions_unexplored:daisy":7,"minecraft:oak_stairs":4,"minecraft:red_candle":6,"butchersdelightfoods:cooked_llama_leg":1,"regions_unexplored:meadow_sage":5,"minecraft:pumpkin":1,"minecraft:wheat_seeds":12,"minecraft:water_bucket":138,"minecraft:cobblestone_stairs":4,"minecraft:cobblestone_slab":33,"regions_unexplored:blue_magnolia_sapling":26,"minecraft:oak_slab":18,"minecraft:crafting_table":7,"regions_unexplored:magnolia_planks":383,"minecraft:oak_log":1,"minecraft:wooden_hoe":43,"minecraft:cornflower":6,"minecraft:black_wool":7,"hexerei:sage_seed":23,"regions_unexplored:magnolia_trapdoor":7,"minecraft:stone_axe":183,"fantasyfurniture:furniture_station":2,"minecraft:cobblestone":208,"minecraft:cooked_porkchop":1,"minecraft:bucket":153,"minecraft:yellow_bed":2,"quark:oak_chest":1,"minecraft:gray_wool":2},"minecraft:custom":{"minecraft:interact_with_crafting_table":129,"minecraft:leave_game":6,"minecraft:time_since_death":8434,"minecraft:sprint_one_cm":739031,"minecraft:damage_blocked_by_shield":190,"minecraft:drop":85,"minecraft:talked_to_villager":3,"minecraft:play_time":651899,"minecraft:deaths":104,"minecraft:jump":7141,"minecraft:walk_on_water_one_cm":147973,"minecraft:interact_with_furnace":3,"minecraft:interact_with_cartography_table":1,"minecraft:damage_dealt":9817,"minecraft:player_kills":2,"minecraft:crouch_one_cm":200160,"minecraft:interact_with_smithing_table":3,"minecraft:mob_kills":28,"minecraft:climb_one_cm":2726,"minecraft:walk_one_cm":2470113,"minecraft:sneak_time":72718,"minecraft:walk_under_water_one_cm":156266,"minecraft:boat_one_cm":31671,"minecraft:total_world_time":651899,"minecraft:interact_with_stonecutter":1,"minecraft:time_since_rest":8503,"minecraft:damage_taken":30992,"minecraft:swim_one_cm":3294,"minecraft:fly_one_cm":508820,"minecraft:open_chest":378,"minecraft:fall_one_cm":183496},"minecraft:crafted":{"minecraft:oak_planks":76,"regions_unexplored:mauve_slab":48,"minecraft:cobblestone_slab":30,"fantasyfurniture:furniture_station":1,"minecraft:chest":9,"minecraft:oak_slab":12,"minecraft:wooden_shovel":6,"minecraft:crafting_table":7,"minecraft:wooden_pickaxe":3,"minecraft:smithing_table":1,"minecraft:pumpkin_seeds":8,"minecraft:wooden_hoe":2,"minecraft:shield":1,"minecraft:stick":20,"minecraft:iron_ingot":1,"minecraft:wooden_sword":1,"minecraft:stone_shovel":2,"minecraft:iron_nugget":9,"minecraft:furnace":1,"regions_unexplored:magnolia_slab":510,"regions_unexplored:magnolia_trapdoor":4,"regions_unexplored:mauve_planks":24,"regions_unexplored:magnolia_pressure_plate":2,"minecraft:stone_pickaxe":3,"regions_unexplored:magnolia_planks":635,"regions_unexplored:magnolia_door":6,"minecraft:stone_axe":4,"minecraft:air":0,"minecraft:oak_boat":6,"minecraft:wooden_axe":12,"minecraft:torch":32}},"DataVersion":3120}