{"stats":{"minecraft:broken":{"minecraft:stone_pickaxe":1},"minecraft:killed":{"minecraft:spider":5,"minecraft:skeleton":2,"tenebrous_lands:demogon":1,"minecraft:pig":1,"spore:inf_player":1,"minecraft:creeper":1,"undead_unleashed:frenzied_knight":2,"minecraft:zombie":2},"minecraft:custom":{"minecraft:mob_kills":15,"minecraft:interact_with_crafting_table":24,"minecraft:leave_game":1,"minecraft:time_since_death":5683,"minecraft:climb_one_cm":54,"minecraft:sprint_one_cm":314192,"minecraft:walk_one_cm":933556,"minecraft:damage_blocked_by_shield":190,"minecraft:drop":47,"minecraft:talked_to_villager":1,"minecraft:play_time":213201,"minecraft:deaths":48,"minecraft:sneak_time":15916,"minecraft:walk_under_water_one_cm":46535,"minecraft:boat_one_cm":22204,"minecraft:jump":2834,"minecraft:walk_on_water_one_cm":56187,"minecraft:total_world_time":213201,"minecraft:interact_with_stonecutter":1,"minecraft:time_since_rest":5718,"minecraft:damage_taken":14667,"minecraft:damage_dealt":3271,"minecraft:swim_one_cm":51,"minecraft:fly_one_cm":241078,"minecraft:player_kills":1,"minecraft:open_chest":48,"minecraft:crouch_one_cm":47162,"minecraft:fall_one_cm":69739},"minecraft:dropped":{"minecraft:bread":1,"minecraft:oak_slab":1,"minecraft:crafting_table":2,"minecraft:cobblestone":71,"minecraft:cracked_stone_bricks":1,"minecraft:dirt":7,"butchersdelightfoods:cooked_leg_cow":2,"minecraft:wooden_axe":1,"minecraft:oak_stairs":4,"ftbquests:book":2,"minecraft:white_wool":1,"minecraft:dandelion":1,"minecraft:bone":1,"minecraft:stone_axe":1,"minecraft:raw_copper":5,"minecraft:wheat":64,"minecraft:white_carpet":2,"minecraft:clay_ball":1,"minecraft:oak_planks":2,"regions_unexplored:hyssop":12,"minecraft:poppy":1,"minecraft:oak_boat":1,"minecraft:arrow":6,"minecraft:wooden_pickaxe":1,"minecraft:stone_pickaxe":1,"minecraft:black_wool":2},"minecraft:used":{"minecraft:oak_fence":1,"minecraft:chest":2,"minecraft:shield":3,"minecraft:oak_door":4,"undead_unleashed:grave_metal_sword":13,"butchersdelightfoods:cookedbeefribs":1,"minecraft:torch":41,"minecraft:dirt":173,"regions_unexplored:mauve_sapling":4,"minecraft:yellow_carpet":1,"regions_unexplored:mauve_slab":53,"regions_unexplored:willow_shrub":2,"minecraft:wooden_axe":47,"regions_unexplored:daisy":1,"minecraft:oak_stairs":4,"minecraft:red_candle":6,"minecraft:hay_block":11,"minecraft:oak_sapling":6,"butchersdelightfoods:cookedporkribs":1,"minecraft:water_bucket":61,"minecraft:cobblestone_stairs":4,"minecraft:stone_pickaxe":114,"minecraft:oak_planks":12,"minecraft:wooden_pickaxe":19,"regions_unexplored:blue_magnolia_sapling":7,"minecraft:oak_slab":18,"minecraft:crafting_table":2,"regions_unexplored:magnolia_planks":46,"minecraft:black_wool":1,"minecraft:cornflower":1,"regions_unexplored:magnolia_slab":61,"minecraft:bread":15,"minecraft:brown_wool":2,"minecraft:stone_axe":49,"minecraft:cobblestone":114,"minecraft:bucket":61,"minecraft:yellow_bed":1,"quark:oak_chest":1,"minecraft:oak_boat":6,"minecraft:gray_wool":1,"minecraft:cobweb":3},"minecraft:crafted":{"minecraft:oak_planks":60,"regions_unexplored:mauve_slab":48,"regions_unexplored:magnolia_slab":54,"regions_unexplored:mauve_planks":24,"minecraft:stone_pickaxe":1,"minecraft:chest":2,"regions_unexplored:magnolia_planks":92,"minecraft:oak_slab":12,"minecraft:crafting_table":3,"minecraft:wooden_pickaxe":1,"minecraft:pumpkin_seeds":4,"minecraft:stone_axe":1,"minecraft:oak_boat":6,"minecraft:shield":1,"minecraft:stick":16,"minecraft:wooden_axe":1,"minecraft:torch":28},"minecraft:picked_up":{"minecraft:wooden_axe":1,"spore:mutated_heart":1,"minecraft:crafting_table":3,"minecraft:clay_ball":1,"regions_unexplored:magnolia_log":23,"minecraft:wooden_pickaxe":1,"minecraft:oak_stairs":6,"minecraft:cornflower":2,"minecraft:string":11,"minecraft:moss_carpet":1,"minecraft:raw_copper":5,"minecraft:red_candle":6,"minecraft:white_carpet":2,"butchersdelightfoods:cookedporkribs":1,"minecraft:cracked_stone_bricks":1,"undead_unleashed:grave_metal_sword":1,"minecraft:oak_boat":1,"minecraft:furnace":1,"minecraft:stick":11,"minecraft:raw_iron":3,"minecraft:oak_door":2,"minecraft:oak_fence":1,"minecraft:torch":7,"minecraft:porkchop":1,"regions_unexplored:daisy":3,"butchersdelightfoods:cooked_leg_cow":3,"hexerei:sage_seed":10,"minecraft:arrow":20,"minecraft:rotten_flesh":30,"regions_unexplored:mauve_sapling":4,"regions_unexplored:mauve_log":6,"regions_unexplored:blue_magnolia_sapling":13,"butchersdelightfoods:coockedbeeftenderloin":3,"minecraft:hay_block":8,"supplementaries:ash":3,"minecraft:skeleton_skull":1,"minecraft:cobblestone":132,"born_in_chaos_v1:corpse_maggot":1,"minecraft:water_bucket":1,"minecraft:brown_wool":2,"minecraft:black_bed":1,"regions_unexplored:mauve_slab":5,"regions_unexplored:meadow_sage":1,"butchersdelight:deadpig":2,"minecraft:oak_log":15,"minecraft:yellow_bed":1,"minecraft:gunpowder":8,"minecraft:cobblestone_stairs":1,"minecraft:dirt":189,"born_in_chaos_v1:marigolds":3,"butchersdelight:deadchiken":1,"butchersdelightfoods:cookedbeefribs":2,"minecraft:bone":14,"boh:kindness_flower":1,"minecraft:wheat_seeds":16,"regions_unexplored:magnolia_planks":7,"regions_unexplored:magnolia_slab":4,"ftbquests:book":2,"minecraft:stone_pickaxe":2,"spore:mutated_fiber":1,"minecraft:oak_planks":16,"hexerei:animal_fat":2,"minecraft:oak_slab":6,"minecraft:pumpkin":2,"minecraft:dandelion":1,"undead_unleashed:grave_metal_scrap":13,"minecraft:blast_furnace":1,"tenebrous_lands:zenyr":1,"minecraft:spider_eye":5,"butchersdelight:sheephide":1,"regions_unexplored:hyssop":14,"minecraft:yellow_carpet":1,"regions_unexplored:fireweed":1,"immersiveengineering:seed":8,"regions_unexplored:willow_shrub":2,"minecraft:gray_wool":1,"minecraft:bread":18,"minecraft:oak_sapling":5,"minecraft:black_wool":3,"minecraft:coal":27},"minecraft:killed_by":{"minecraft:player":2,"minecraft:sheep":1,"minecraft:creeper":5,"minecraft:spider":4,"spore:inf_human":3,"tenebrous_lands:stalker":2,"undead_unleashed:frenzied_knight":3,"spore:inf_player":9,"tenebrous_lands:demogon":1,"minecraft:skeleton":15,"cotw:harvester":2},"minecraft:mined":{"realmrpg_skeletons:waterdrop_skeleton":1,"minecraft:oak_door":1,"minecraft:grass_block":125,"minecraft:brown_wool":2,"regions_unexplored:magnolia_slab":2,"minecraft:oxeye_daisy":1,"minecraft:hay_block":8,"minecraft:iron_ore":1,"minecraft:moss_carpet":1,"minecraft:pumpkin":2,"treechop:chopped_log":3,"realmrpg_skeletons:rookie_skeleton":1,"minecraft:oak_stairs":4,"regions_unexplored:medium_grass":2,"minecraft:stone":59,"minecraft:oak_slab":5,"born_in_chaos_v1:marigolds":2,"regions_unexplored:mauve_slab":1,"spore:growths_big":1,"minecraft:oak_fence":1,"boh:kindness_flower":1,"minecraft:cobblestone":19,"minecraft:tall_grass":6,"regions_unexplored:meadow_sage":1,"regions_unexplored:daisy":2,"minecraft:oak_planks":19,"minecraft:wall_torch":3,"minecraft:skeleton_skull":1,"minecraft:gray_wool":1,"minecraft:red_candle":4,"regions_unexplored:hyssop":3,"minecraft:black_bed":1,"minecraft:yellow_bed":1,"minecraft:grass":43,"minecraft:black_wool":1,"minecraft:oak_log":5,"minecraft:coal_ore":25,"minecraft:dirt":56,"regions_unexplored:magnolia_planks":7,"minecraft:oak_leaves":6,"regions_unexplored:fireweed":1}},"DataVersion":3120}