{"stats":{"minecraft:broken":{"minecraft:stone_pickaxe":1},"minecraft:killed":{"minecraft:spider":5,"minecraft:skeleton":2,"tenebrous_lands:demogon":1,"minecraft:pig":1,"spore:inf_player":1,"minecraft:creeper":1,"undead_unleashed:frenzied_knight":2,"minecraft:zombie":2},"minecraft:custom":{"minecraft:mob_kills":15,"minecraft:interact_with_crafting_table":31,"minecraft:leave_game":1,"minecraft:time_since_death":811,"minecraft:climb_one_cm":54,"minecraft:sprint_one_cm":344382,"minecraft:walk_one_cm":1203497,"minecraft:damage_blocked_by_shield":190,"minecraft:drop":62,"minecraft:talked_to_villager":1,"minecraft:play_time":279201,"minecraft:deaths":54,"minecraft:sneak_time":21831,"minecraft:walk_under_water_one_cm":82300,"minecraft:boat_one_cm":22204,"minecraft:jump":3566,"minecraft:walk_on_water_one_cm":84725,"minecraft:total_world_time":279201,"minecraft:interact_with_stonecutter":1,"minecraft:time_since_rest":890,"minecraft:damage_taken":16627,"minecraft:damage_dealt":3291,"minecraft:swim_one_cm":51,"minecraft:fly_one_cm":258166,"minecraft:player_kills":1,"minecraft:open_chest":84,"minecraft:crouch_one_cm":66594,"minecraft:fall_one_cm":86870},"minecraft:dropped":{"minecraft:bread":1,"minecraft:oak_slab":1,"minecraft:crafting_table":2,"butchersdelightfoods:cooked_llama_leg":1,"minecraft:cobblestone":71,"minecraft:cracked_stone_bricks":1,"minecraft:dirt":45,"butchersdelightfoods:cooked_leg_cow":2,"minecraft:torch":1,"minecraft:wooden_axe":1,"minecraft:oak_stairs":4,"ftbquests:book":2,"minecraft:white_wool":1,"minecraft:dandelion":1,"minecraft:bone":2,"minecraft:stone_axe":1,"minecraft:raw_copper":5,"minecraft:wheat":64,"minecraft:white_carpet":2,"minecraft:clay_ball":1,"minecraft:oak_planks":2,"regions_unexplored:hyssop":12,"minecraft:poppy":1,"minecraft:oak_boat":1,"minecraft:arrow":8,"minecraft:wooden_pickaxe":1,"minecraft:stone_pickaxe":1,"minecraft:black_wool":2},"minecraft:used":{"minecraft:oak_fence":1,"minecraft:moss_carpet":1,"minecraft:stone_sword":1,"minecraft:chest":4,"minecraft:shield":3,"minecraft:stick":1,"minecraft:oak_door":4,"undead_unleashed:grave_metal_sword":13,"butchersdelightfoods:cookedbeefribs":1,"minecraft:torch":45,"minecraft:dirt":321,"regions_unexplored:mauve_sapling":4,"minecraft:yellow_carpet":1,"regions_unexplored:mauve_slab":58,"boh:kindness_flower":3,"regions_unexplored:willow_shrub":2,"minecraft:wooden_axe":82,"regions_unexplored:daisy":3,"minecraft:oak_stairs":4,"minecraft:red_candle":6,"minecraft:hay_block":11,"minecraft:oak_sapling":6,"butchersdelightfoods:cooked_llama_leg":1,"regions_unexplored:meadow_sage":4,"butchersdelightfoods:cookedporkribs":1,"minecraft:water_bucket":78,"minecraft:cobblestone_stairs":4,"minecraft:stone_pickaxe":114,"minecraft:oak_planks":12,"minecraft:wooden_pickaxe":19,"regions_unexplored:blue_magnolia_sapling":24,"minecraft:oak_slab":18,"minecraft:crafting_table":3,"regions_unexplored:magnolia_planks":125,"minecraft:black_bed":1,"regions_unexplored:fireweed":2,"minecraft:black_wool":4,"minecraft:cornflower":4,"regions_unexplored:magnolia_slab":137,"minecraft:bread":18,"minecraft:brown_wool":4,"born_in_chaos_v1:smoked_monster_flesh":1,"born_in_chaos_v1:marigolds":1,"minecraft:stone_axe":70,"minecraft:cobblestone":114,"minecraft:cooked_porkchop":1,"minecraft:bucket":78,"minecraft:yellow_bed":1,"quark:oak_chest":1,"minecraft:oak_boat":6,"minecraft:gray_wool":2,"minecraft:cobweb":3},"minecraft:crafted":{"minecraft:oak_planks":60,"regions_unexplored:mauve_slab":48,"regions_unexplored:magnolia_slab":126,"regions_unexplored:mauve_planks":24,"minecraft:stone_pickaxe":1,"minecraft:chest":3,"regions_unexplored:magnolia_planks":193,"minecraft:oak_slab":12,"minecraft:crafting_table":3,"minecraft:wooden_pickaxe":1,"minecraft:pumpkin_seeds":4,"minecraft:stone_axe":1,"minecraft:oak_boat":6,"minecraft:shield":1,"minecraft:stick":16,"minecraft:wooden_axe":2,"minecraft:torch":28},"minecraft:picked_up":{"minecraft:wooden_axe":1,"spore:mutated_heart":1,"minecraft:crafting_table":4,"born_in_chaos_v1:smoked_monster_flesh":1,"minecraft:clay_ball":1,"regions_unexplored:magnolia_log":48,"minecraft:wooden_pickaxe":1,"minecraft:oak_stairs":6,"minecraft:cornflower":4,"minecraft:string":12,"minecraft:moss_carpet":1,"minecraft:raw_copper":5,"minecraft:red_candle":6,"minecraft:white_carpet":2,"butchersdelightfoods:cookedporkribs":1,"minecraft:cracked_stone_bricks":1,"undead_unleashed:grave_metal_sword":1,"minecraft:oak_boat":1,"minecraft:chest":1,"minecraft:furnace":1,"minecraft:stick":25,"minecraft:raw_iron":3,"minecraft:oak_door":2,"minecraft:oak_fence":1,"minecraft:torch":11,"minecraft:porkchop":1,"regions_unexplored:daisy":3,"butchersdelightfoods:cooked_leg_cow":3,"hexerei:sage_seed":10,"minecraft:arrow":24,"minecraft:rotten_flesh":47,"regions_unexplored:mauve_sapling":4,"regions_unexplored:mauve_log":6,"regions_unexplored:blue_magnolia_sapling":30,"butchersdelightfoods:coockedbeeftenderloin":3,"minecraft:hay_block":8,"supplementaries:ash":3,"minecraft:skeleton_skull":1,"minecraft:cobblestone":132,"born_in_chaos_v1:corpse_maggot":1,"minecraft:water_bucket":1,"minecraft:brown_wool":3,"minecraft:black_bed":1,"regions_unexplored:mauve_slab":8,"regions_unexplored:meadow_sage":4,"butchersdelight:deadpig":2,"minecraft:oak_log":15,"minecraft:yellow_bed":1,"minecraft:gunpowder":8,"minecraft:cobblestone_stairs":1,"minecraft:dirt":366,"born_in_chaos_v1:marigolds":3,"butchersdelight:deadchiken":1,"butchersdelightfoods:cookedbeefribs":2,"minecraft:bone":18,"boh:kindness_flower":2,"horror_element_mod:bloody_tombstone":1,"minecraft:wheat_seeds":17,"regions_unexplored:magnolia_planks":30,"regions_unexplored:magnolia_slab":10,"ftbquests:book":2,"minecraft:stone_pickaxe":3,"spore:mutated_fiber":1,"minecraft:oak_planks":16,"butchersdelightfoods:cooked_llama_leg":2,"hexerei:animal_fat":2,"minecraft:oak_slab":6,"minecraft:cooked_porkchop":1,"minecraft:pumpkin":2,"minecraft:dandelion":1,"undead_unleashed:grave_metal_scrap":15,"minecraft:blast_furnace":1,"tenebrous_lands:zenyr":1,"minecraft:spider_eye":6,"butchersdelight:sheephide":1,"regions_unexplored:hyssop":14,"minecraft:yellow_carpet":1,"regions_unexplored:fireweed":2,"immersiveengineering:seed":9,"regions_unexplored:willow_shrub":2,"minecraft:gray_wool":2,"minecraft:bread":18,"minecraft:oak_sapling":5,"minecraft:black_wool":6,"minecraft:coal":27},"minecraft:killed_by":{"minecraft:player":2,"minecraft:sheep":1,"minecraft:creeper":8,"minecraft:spider":4,"spore:inf_human":3,"tenebrous_lands:stalker":2,"undead_unleashed:frenzied_knight":3,"spore:inf_player":9,"tenebrous_lands:demogon":1,"minecraft:skeleton":16,"born_in_chaos_v1:corpse_fish":1,"cotw:harvester":2},"minecraft:mined":{"realmrpg_skeletons:waterdrop_skeleton":1,"minecraft:oak_door":1,"minecraft:grass_block":125,"minecraft:brown_wool":3,"horror_element_mod:bloody_tombstone":1,"regions_unexplored:magnolia_slab":7,"minecraft:oxeye_daisy":1,"minecraft:hay_block":8,"minecraft:iron_ore":1,"minecraft:moss_carpet":1,"minecraft:pumpkin":2,"treechop:chopped_log":5,"horror_element_mod:scientist_body":1,"realmrpg_skeletons:rookie_skeleton":1,"minecraft:oak_stairs":4,"regions_unexplored:medium_grass":2,"minecraft:stone":59,"horror_element_mod:spiked_body":1,"minecraft:oak_slab":5,"horror_element_mod:dead_experiment":2,"born_in_chaos_v1:marigolds":2,"regions_unexplored:mauve_slab":5,"spore:growths_big":1,"minecraft:oak_fence":1,"boh:kindness_flower":2,"minecraft:crafting_table":1,"minecraft:cornflower":2,"minecraft:chest":1,"minecraft:cobblestone":19,"minecraft:tall_grass":6,"regions_unexplored:meadow_sage":2,"regions_unexplored:daisy":2,"minecraft:oak_planks":19,"minecraft:wall_torch":6,"minecraft:skeleton_skull":1,"minecraft:gray_wool":2,"minecraft:red_candle":4,"regions_unexplored:hyssop":3,"realmrpg_skeletons:bow_skeleton":1,"regions_unexplored:blue_magnolia_sapling":2,"horror_element_mod:spiked_villager":1,"minecraft:black_bed":1,"minecraft:yellow_bed":1,"minecraft:grass":44,"minecraft:black_wool":4,"minecraft:oak_log":5,"minecraft:coal_ore":25,"minecraft:dirt":89,"minecraft:cobweb":1,"regions_unexplored:magnolia_planks":30,"minecraft:oak_leaves":6,"regions_unexplored:fireweed":2}},"DataVersion":3120}