{"stats":{"minecraft:killed_by":{"minecraft:player":2,"minecraft:sheep":1,"minecraft:creeper":9,"minecraft:spider":4,"minecraft:pillager":1,"spore:inf_human":7,"tenebrous_lands:stalker":2,"boh:jeff_the_killer":3,"undead_unleashed:frenzied_knight":3,"spore:inf_player":9,"tenebrous_lands:demogon":1,"spore:inf_villager":2,"minecraft:skeleton":20,"cataclysm:deepling_brute":3,"born_in_chaos_v1:corpse_fish":1,"cotw:harvester":3},"minecraft:picked_up":{"minecraft:wooden_axe":1,"minecraft:crafting_table":5,"spore:mutated_heart":1,"born_in_chaos_v1:smoked_monster_flesh":1,"born_in_chaos_v1:river_mint":1,"minecraft:clay_ball":1,"regions_unexplored:magnolia_log":256,"spore:infested_dirt":9,"minecraft:lead":1,"minecraft:wooden_pickaxe":1,"minecraft:oak_stairs":6,"minecraft:cornflower":6,"minecraft:string":12,"minecraft:moss_carpet":1,"minecraft:raw_copper":5,"regions_unexplored:magnolia_door":1,"minecraft:red_candle":6,"minecraft:white_carpet":2,"butchersdelightfoods:cookedporkribs":1,"minecraft:cracked_stone_bricks":1,"undead_unleashed:grave_metal_sword":1,"minecraft:oak_boat":5,"minecraft:cobblestone_slab":3,"minecraft:poppy":1,"minecraft:chest":1,"minecraft:furnace":1,"minecraft:stick":127,"minecraft:raw_iron":3,"minecraft:oak_door":5,"minecraft:oak_fence":1,"minecraft:torch":22,"minecraft:porkchop":1,"regions_unexplored:daisy":7,"butchersdelightfoods:cooked_leg_cow":3,"hexerei:sage_seed":14,"minecraft:arrow":24,"regions_unexplored:magnolia_pressure_plate":2,"minecraft:rotten_flesh":53,"regions_unexplored:mauve_sapling":6,"regions_unexplored:mauve_log":12,"butchersdelightfoods:coockedbeeftenderloin":3,"regions_unexplored:blue_magnolia_sapling":126,"minecraft:hay_block":8,"supplementaries:ash":7,"minecraft:skeleton_skull":1,"minecraft:cobblestone":241,"born_in_chaos_v1:corpse_maggot":1,"minecraft:brown_wool":3,"minecraft:water_bucket":1,"minecraft:black_bed":1,"regions_unexplored:mauve_slab":11,"regions_unexplored:meadow_sage":5,"butchersdelight:deadpig":2,"minecraft:oak_log":19,"minecraft:yellow_bed":1,"minecraft:gunpowder":8,"minecraft:cobblestone_stairs":1,"minecraft:dirt":671,"born_in_chaos_v1:marigolds":6,"butchersdelight:deadchiken":1,"minecraft:bone":18,"butchersdelightfoods:cookedbeefribs":2,"boh:kindness_flower":8,"minecraft:wheat_seeds":22,"regions_unexplored:magnolia_planks":57,"horror_element_mod:bloody_tombstone":1,"regions_unexplored:magnolia_slab":17,"ftbquests:book":2,"minecraft:stone_pickaxe":3,"spore:mutated_fiber":5,"minecraft:oak_planks":16,"hexerei:animal_fat":2,"butchersdelightfoods:cooked_llama_leg":2,"minecraft:oak_slab":6,"minecraft:cooked_porkchop":1,"minecraft:pumpkin":3,"minecraft:dandelion":1,"undead_unleashed:grave_metal_scrap":15,"minecraft:blast_furnace":1,"tenebrous_lands:zenyr":1,"minecraft:spider_eye":6,"regions_unexplored:hyssop":18,"butchersdelight:sheephide":1,"minecraft:yellow_carpet":1,"regions_unexplored:fireweed":6,"immersiveengineering:seed":12,"regions_unexplored:willow_shrub":2,"regions_unexplored:magnolia_trapdoor":1,"minecraft:gray_wool":2,"minecraft:bread":18,"minecraft:oak_sapling":9,"minecraft:black_wool":8,"minecraft:coal":27},"minecraft:dropped":{"minecraft:bread":1,"minecraft:oak_slab":1,"minecraft:crafting_table":2,"minecraft:cobblestone":71,"butchersdelightfoods:cooked_llama_leg":1,"minecraft:cracked_stone_bricks":1,"minecraft:dirt":45,"butchersdelightfoods:cooked_leg_cow":2,"minecraft:torch":1,"minecraft:wooden_axe":1,"minecraft:oak_stairs":4,"ftbquests:book":3,"minecraft:white_wool":1,"minecraft:dandelion":1,"minecraft:bone":2,"minecraft:stone_axe":1,"minecraft:raw_copper":5,"minecraft:wheat":64,"minecraft:white_carpet":2,"minecraft:clay_ball":1,"minecraft:oak_planks":2,"regions_unexplored:hyssop":12,"minecraft:poppy":1,"minecraft:oak_boat":1,"minecraft:arrow":8,"minecraft:stone_pickaxe":1,"minecraft:wooden_pickaxe":1,"minecraft:black_wool":2},"minecraft:mined":{"realmrpg_skeletons:waterdrop_skeleton":1,"spore:fungal_roots":3,"spore:wall_growths_big":40,"spore:wall_growths":35,"minecraft:oak_door":4,"regions_unexplored:magnolia_log":5,"minecraft:grass_block":162,"minecraft:brown_wool":3,"spore:fungal_stem":3,"horror_element_mod:bloody_tombstone":1,"regions_unexplored:magnolia_slab":14,"spore:growths_small":4,"minecraft:oxeye_daisy":1,"spore:infested_dirt":29,"spore:mycelium_veins":15,"minecraft:hay_block":8,"regions_unexplored:magnolia_trapdoor":1,"minecraft:iron_ore":1,"spore:blomfung":10,"spore:rotten_log":12,"minecraft:fire":4,"spore:infested_stone":4,"minecraft:moss_carpet":1,"minecraft:pumpkin":3,"treechop:chopped_log":18,"horror_element_mod:scientist_body":1,"spore:growth_mycelium":5,"realmrpg_skeletons:rookie_skeleton":1,"supplementaries:stick":1,"minecraft:cobblestone_slab":3,"minecraft:oak_stairs":4,"regions_unexplored:medium_grass":2,"minecraft:stone":59,"horror_element_mod:spiked_body":1,"minecraft:oak_slab":5,"horror_element_mod:dead_experiment":2,"born_in_chaos_v1:marigolds":4,"regions_unexplored:mauve_slab":8,"spore:growths_big":9,"minecraft:oak_fence":1,"boh:kindness_flower":8,"minecraft:cornflower":4,"minecraft:crafting_table":2,"minecraft:torch":1,"regions_unexplored:magnolia_pressure_plate":2,"minecraft:poppy":1,"minecraft:chest":1,"regions_unexplored:blue_magnolia_leaves":16,"minecraft:tall_grass":14,"minecraft:cobblestone":128,"regions_unexplored:meadow_sage":3,"regions_unexplored:daisy":6,"minecraft:oak_planks":19,"minecraft:wall_torch":8,"minecraft:skeleton_skull":1,"minecraft:gray_wool":2,"minecraft:red_candle":4,"regions_unexplored:hyssop":3,"realmrpg_skeletons:bow_skeleton":1,"regions_unexplored:blue_magnolia_sapling":7,"spore:bloomfung2":14,"horror_element_mod:spiked_villager":1,"minecraft:black_bed":1,"minecraft:yellow_bed":1,"spore:fungal_stem_top":1,"minecraft:black_wool":6,"minecraft:grass":77,"minecraft:oak_log":9,"minecraft:coal_ore":25,"minecraft:mycelium":23,"minecraft:dirt":340,"minecraft:cobweb":1,"regions_unexplored:magnolia_planks":59,"minecraft:oak_leaves":7,"spore:remains":1,"regions_unexplored:fireweed":6},"minecraft:killed":{"minecraft:spider":6,"minecraft:skeleton":2,"tenebrous_lands:demogon":1,"minecraft:pig":1,"spore:inf_player":2,"minecraft:creeper":1,"undead_unleashed:frenzied_knight":2,"minecraft:zombie":2},"minecraft:broken":{"minecraft:wooden_shovel":2,"minecraft:stone_pickaxe":2,"minecraft:stone_axe":1,"minecraft:wooden_axe":2},"minecraft:used":{"minecraft:oak_fence":1,"regions_unexplored:magnolia_pressure_plate":2,"minecraft:moss_carpet":1,"minecraft:stone_sword":1,"minecraft:poppy":1,"minecraft:chest":6,"minecraft:shield":3,"minecraft:wooden_shovel":180,"minecraft:stick":1,"minecraft:oak_door":7,"undead_unleashed:grave_metal_sword":13,"butchersdelightfoods:cookedbeefribs":1,"minecraft:torch":55,"minecraft:dirt":619,"regions_unexplored:mauve_sapling":4,"minecraft:yellow_carpet":1,"regions_unexplored:mauve_slab":60,"boh:kindness_flower":8,"regions_unexplored:willow_shrub":2,"regions_unexplored:hyssop":4,"minecraft:wooden_axe":255,"regions_unexplored:magnolia_door":3,"regions_unexplored:daisy":7,"minecraft:lava_bucket":1,"minecraft:oak_stairs":4,"minecraft:red_candle":6,"minecraft:hay_block":11,"minecraft:oak_sapling":6,"minecraft:furnace":1,"butchersdelightfoods:cooked_llama_leg":1,"regions_unexplored:meadow_sage":5,"minecraft:pumpkin":1,"butchersdelightfoods:cookedporkribs":1,"minecraft:water_bucket":119,"minecraft:cobblestone_stairs":4,"minecraft:stone_pickaxe":226,"minecraft:oak_planks":12,"minecraft:wooden_pickaxe":23,"minecraft:cobblestone_slab":33,"regions_unexplored:blue_magnolia_sapling":26,"minecraft:oak_slab":18,"minecraft:crafting_table":6,"regions_unexplored:magnolia_planks":160,"minecraft:black_bed":1,"minecraft:pumpkin_seeds":4,"regions_unexplored:fireweed":4,"minecraft:black_wool":7,"minecraft:wooden_hoe":5,"minecraft:cornflower":6,"regions_unexplored:magnolia_slab":296,"minecraft:bread":20,"minecraft:brown_wool":4,"born_in_chaos_v1:smoked_monster_flesh":1,"born_in_chaos_v1:marigolds":3,"regions_unexplored:magnolia_trapdoor":5,"minecraft:stone_axe":140,"minecraft:cobblestone":197,"minecraft:cooked_porkchop":1,"minecraft:bucket":119,"minecraft:yellow_bed":1,"quark:oak_chest":1,"minecraft:oak_boat":10,"minecraft:gray_wool":2,"minecraft:cobweb":3},"minecraft:crafted":{"minecraft:oak_planks":60,"regions_unexplored:mauve_slab":48,"minecraft:cobblestone_slab":30,"minecraft:furnace":1,"regions_unexplored:magnolia_slab":282,"regions_unexplored:mauve_planks":24,"regions_unexplored:magnolia_trapdoor":4,"regions_unexplored:magnolia_pressure_plate":2,"minecraft:stone_pickaxe":2,"minecraft:chest":5,"regions_unexplored:magnolia_planks":371,"minecraft:oak_slab":12,"minecraft:wooden_shovel":4,"minecraft:crafting_table":5,"minecraft:wooden_pickaxe":2,"regions_unexplored:magnolia_door":3,"minecraft:pumpkin_seeds":8,"minecraft:stone_axe":1,"minecraft:oak_boat":6,"minecraft:wooden_hoe":2,"minecraft:shield":1,"minecraft:stick":16,"minecraft:wooden_axe":5,"minecraft:torch":28},"minecraft:custom":{"minecraft:mob_kills":17,"minecraft:interact_with_crafting_table":69,"minecraft:leave_game":4,"minecraft:time_since_death":23604,"minecraft:climb_one_cm":54,"minecraft:sprint_one_cm":457290,"minecraft:walk_one_cm":1715845,"minecraft:damage_blocked_by_shield":190,"minecraft:drop":63,"minecraft:talked_to_villager":1,"minecraft:play_time":442054,"minecraft:deaths":75,"minecraft:sneak_time":51337,"minecraft:walk_under_water_one_cm":122581,"minecraft:boat_one_cm":23100,"minecraft:jump":4954,"minecraft:walk_on_water_one_cm":136960,"minecraft:total_world_time":442054,"minecraft:interact_with_stonecutter":1,"minecraft:time_since_rest":23771,"minecraft:damage_taken":22732,"minecraft:damage_dealt":3726,"minecraft:swim_one_cm":3294,"minecraft:fly_one_cm":336425,"minecraft:player_kills":1,"minecraft:open_chest":165,"minecraft:crouch_one_cm":151736,"minecraft:fall_one_cm":122009}},"DataVersion":3120}