{"stats":{"minecraft:broken":{"minecraft:stone_pickaxe":1},"minecraft:crafted":{"minecraft:oak_planks":60,"regions_unexplored:mauve_slab":48,"regions_unexplored:magnolia_slab":54,"regions_unexplored:mauve_planks":24,"minecraft:stone_pickaxe":1,"minecraft:chest":2,"regions_unexplored:magnolia_planks":92,"minecraft:oak_slab":12,"minecraft:crafting_table":3,"minecraft:wooden_pickaxe":1,"minecraft:pumpkin_seeds":4,"minecraft:stone_axe":1,"minecraft:oak_boat":6,"minecraft:shield":1,"minecraft:stick":16,"minecraft:wooden_axe":1,"minecraft:torch":28},"minecraft:custom":{"minecraft:mob_kills":10,"minecraft:interact_with_crafting_table":20,"minecraft:leave_game":1,"minecraft:time_since_death":44007,"minecraft:climb_one_cm":54,"minecraft:sprint_one_cm":199104,"minecraft:walk_one_cm":752926,"minecraft:damage_blocked_by_shield":30,"minecraft:drop":46,"minecraft:talked_to_villager":1,"minecraft:play_time":169672,"minecraft:deaths":18,"minecraft:sneak_time":13276,"minecraft:walk_under_water_one_cm":30676,"minecraft:boat_one_cm":22204,"minecraft:jump":1964,"minecraft:walk_on_water_one_cm":25583,"minecraft:total_world_time":169672,"minecraft:interact_with_stonecutter":1,"minecraft:time_since_rest":44068,"minecraft:damage_taken":6106,"minecraft:damage_dealt":2303,"minecraft:swim_one_cm":51,"minecraft:fly_one_cm":185749,"minecraft:player_kills":1,"minecraft:open_chest":28,"minecraft:crouch_one_cm":39506,"minecraft:fall_one_cm":39571},"minecraft:killed":{"minecraft:spider":4,"minecraft:skeleton":2,"tenebrous_lands:demogon":1,"minecraft:pig":1,"minecraft:creeper":1,"undead_unleashed:frenzied_knight":2,"minecraft:zombie":1},"minecraft:mined":{"realmrpg_skeletons:waterdrop_skeleton":1,"minecraft:oak_door":1,"minecraft:grass_block":125,"minecraft:brown_wool":1,"regions_unexplored:magnolia_slab":1,"minecraft:hay_block":8,"minecraft:iron_ore":1,"minecraft:pumpkin":1,"treechop:chopped_log":3,"realmrpg_skeletons:rookie_skeleton":1,"minecraft:oak_stairs":4,"minecraft:stone":59,"minecraft:oak_slab":5,"born_in_chaos_v1:marigolds":2,"regions_unexplored:mauve_slab":1,"minecraft:oak_fence":1,"minecraft:cobblestone":19,"minecraft:tall_grass":5,"minecraft:oak_planks":19,"minecraft:wall_torch":3,"minecraft:skeleton_skull":1,"minecraft:gray_wool":1,"regions_unexplored:hyssop":2,"minecraft:red_candle":4,"minecraft:black_bed":1,"minecraft:yellow_bed":1,"minecraft:black_wool":1,"minecraft:grass":35,"minecraft:oak_log":5,"minecraft:coal_ore":25,"minecraft:dirt":51,"regions_unexplored:magnolia_planks":4,"minecraft:oak_leaves":6},"minecraft:dropped":{"minecraft:bread":1,"minecraft:oak_slab":1,"minecraft:crafting_table":2,"minecraft:cobblestone":71,"minecraft:cracked_stone_bricks":1,"minecraft:dirt":7,"butchersdelightfoods:cooked_leg_cow":2,"minecraft:wooden_axe":1,"minecraft:oak_stairs":4,"ftbquests:book":2,"minecraft:white_wool":1,"minecraft:dandelion":1,"minecraft:bone":1,"minecraft:raw_copper":5,"minecraft:wheat":64,"minecraft:white_carpet":2,"minecraft:clay_ball":1,"minecraft:oak_planks":2,"regions_unexplored:hyssop":12,"minecraft:poppy":1,"minecraft:oak_boat":1,"minecraft:arrow":6,"minecraft:stone_pickaxe":1,"minecraft:wooden_pickaxe":1,"minecraft:black_wool":2},"minecraft:used":{"minecraft:oak_fence":1,"minecraft:chest":2,"minecraft:shield":1,"minecraft:oak_door":4,"undead_unleashed:grave_metal_sword":6,"minecraft:torch":41,"butchersdelightfoods:cookedbeefribs":1,"minecraft:dirt":168,"regions_unexplored:mauve_sapling":4,"minecraft:yellow_carpet":1,"regions_unexplored:mauve_slab":53,"regions_unexplored:willow_shrub":2,"minecraft:wooden_axe":47,"regions_unexplored:daisy":1,"minecraft:oak_stairs":4,"minecraft:red_candle":6,"minecraft:hay_block":11,"minecraft:oak_sapling":6,"butchersdelightfoods:cookedporkribs":1,"minecraft:water_bucket":61,"minecraft:cobblestone_stairs":1,"minecraft:stone_pickaxe":114,"minecraft:oak_planks":12,"minecraft:wooden_pickaxe":19,"regions_unexplored:blue_magnolia_sapling":7,"minecraft:oak_slab":18,"minecraft:crafting_table":2,"regions_unexplored:magnolia_planks":41,"minecraft:black_wool":1,"minecraft:cornflower":1,"regions_unexplored:magnolia_slab":60,"minecraft:bread":14,"minecraft:brown_wool":1,"minecraft:stone_axe":49,"minecraft:cobblestone":114,"minecraft:bucket":61,"minecraft:yellow_bed":1,"quark:oak_chest":1,"minecraft:oak_boat":6,"minecraft:gray_wool":1,"minecraft:cobweb":3},"minecraft:picked_up":{"minecraft:wooden_axe":1,"minecraft:crafting_table":3,"minecraft:clay_ball":1,"regions_unexplored:magnolia_log":23,"minecraft:wooden_pickaxe":1,"minecraft:oak_stairs":6,"minecraft:cornflower":1,"minecraft:string":6,"minecraft:raw_copper":5,"minecraft:red_candle":6,"minecraft:white_carpet":2,"butchersdelightfoods:cookedporkribs":1,"minecraft:cracked_stone_bricks":1,"undead_unleashed:grave_metal_sword":1,"minecraft:oak_boat":1,"minecraft:furnace":1,"minecraft:stick":9,"minecraft:raw_iron":3,"minecraft:oak_door":2,"minecraft:oak_fence":1,"minecraft:torch":7,"minecraft:porkchop":1,"regions_unexplored:daisy":1,"butchersdelightfoods:cooked_leg_cow":3,"hexerei:sage_seed":8,"minecraft:arrow":20,"minecraft:rotten_flesh":29,"regions_unexplored:mauve_sapling":4,"butchersdelightfoods:coockedbeeftenderloin":3,"regions_unexplored:mauve_log":6,"regions_unexplored:blue_magnolia_sapling":13,"minecraft:hay_block":8,"supplementaries:ash":2,"minecraft:skeleton_skull":1,"minecraft:cobblestone":132,"minecraft:black_bed":1,"minecraft:water_bucket":1,"minecraft:brown_wool":1,"regions_unexplored:mauve_slab":5,"butchersdelight:deadpig":2,"minecraft:oak_log":15,"minecraft:yellow_bed":1,"minecraft:gunpowder":8,"minecraft:cobblestone_stairs":1,"minecraft:dirt":184,"born_in_chaos_v1:marigolds":1,"butchersdelight:deadchiken":1,"minecraft:bone":13,"butchersdelightfoods:cookedbeefribs":2,"regions_unexplored:magnolia_planks":4,"minecraft:wheat_seeds":14,"regions_unexplored:magnolia_slab":3,"ftbquests:book":2,"minecraft:stone_pickaxe":2,"minecraft:oak_planks":16,"hexerei:animal_fat":2,"minecraft:oak_slab":6,"minecraft:pumpkin":1,"minecraft:dandelion":1,"undead_unleashed:grave_metal_scrap":11,"minecraft:blast_furnace":1,"tenebrous_lands:zenyr":1,"minecraft:spider_eye":4,"regions_unexplored:hyssop":13,"butchersdelight:sheephide":1,"minecraft:yellow_carpet":1,"immersiveengineering:seed":7,"regions_unexplored:willow_shrub":2,"minecraft:gray_wool":1,"minecraft:bread":18,"minecraft:oak_sapling":5,"minecraft:black_wool":3,"minecraft:coal":27},"minecraft:killed_by":{"minecraft:player":2,"minecraft:sheep":1,"minecraft:creeper":3,"tenebrous_lands:stalker":2,"undead_unleashed:frenzied_knight":3,"tenebrous_lands:demogon":1,"minecraft:skeleton":6}},"DataVersion":3120}