{"stats":{"minecraft:killed_by":{"minecraft:player":3,"minecraft:sheep":1,"minecraft:creeper":9,"minecraft:spider":9,"minecraft:pillager":1,"spore:inf_human":8,"tenebrous_lands:stalker":2,"boh:jeff_the_killer":4,"minecraft:drowned":1,"undead_unleashed:frenzied_knight":3,"spore:inf_player":10,"tenebrous_lands:demogon":1,"spore:inf_villager":2,"minecraft:skeleton":24,"cataclysm:deepling_brute":3,"minecraft:zombie":2,"born_in_chaos_v1:corpse_fish":2,"cotw:harvester":3},"minecraft:picked_up":{"minecraft:wooden_axe":2,"minecraft:crafting_table":5,"spore:mutated_heart":2,"born_in_chaos_v1:smoked_monster_flesh":1,"born_in_chaos_v1:river_mint":1,"minecraft:clay_ball":1,"regions_unexplored:magnolia_log":256,"spore:infested_dirt":18,"minecraft:lead":1,"minecraft:wooden_pickaxe":1,"minecraft:oak_stairs":6,"minecraft:cornflower":6,"minecraft:string":17,"minecraft:moss_carpet":1,"minecraft:raw_copper":26,"regions_unexplored:magnolia_door":3,"minecraft:red_candle":6,"minecraft:white_carpet":2,"butchersdelightfoods:cookedporkribs":1,"minecraft:cracked_stone_bricks":1,"minecraft:bucket":2,"undead_unleashed:grave_metal_sword":1,"minecraft:oak_boat":5,"minecraft:cobblestone_slab":3,"minecraft:poppy":3,"minecraft:sugar_cane":4,"minecraft:chest":1,"minecraft:furnace":1,"minecraft:stick":175,"minecraft:raw_iron":3,"minecraft:oak_door":5,"minecraft:oak_fence":1,"minecraft:torch":24,"minecraft:porkchop":1,"regions_unexplored:daisy":7,"butchersdelightfoods:cooked_leg_cow":3,"hexerei:sage_seed":33,"minecraft:arrow":27,"regions_unexplored:magnolia_pressure_plate":2,"minecraft:rotten_flesh":56,"regions_unexplored:mauve_sapling":6,"regions_unexplored:mauve_log":12,"butchersdelightfoods:coockedbeeftenderloin":3,"regions_unexplored:blue_magnolia_sapling":128,"minecraft:hay_block":8,"supplementaries:ash":9,"minecraft:skeleton_skull":1,"minecraft:cobblestone":280,"minecraft:oxeye_daisy":1,"born_in_chaos_v1:corpse_maggot":1,"minecraft:brown_wool":5,"minecraft:water_bucket":1,"minecraft:black_bed":1,"spore:infested_stone":17,"regions_unexplored:mauve_slab":11,"regions_unexplored:meadow_sage":5,"butchersdelight:deadpig":2,"minecraft:oak_log":19,"minecraft:yellow_bed":2,"minecraft:gunpowder":8,"minecraft:cobblestone_stairs":1,"minecraft:dirt":780,"regions_unexplored:small_oak_sapling":3,"born_in_chaos_v1:marigolds":6,"butchersdelight:deadchiken":1,"minecraft:bone":23,"butchersdelightfoods:cookedbeefribs":2,"minecraft:apple":1,"boh:kindness_flower":9,"minecraft:wheat_seeds":46,"regions_unexplored:magnolia_planks":232,"horror_element_mod:bloody_tombstone":1,"regions_unexplored:magnolia_slab":25,"ftbquests:book":2,"minecraft:stone_pickaxe":3,"spore:mutated_fiber":8,"minecraft:oak_planks":16,"hexerei:animal_fat":2,"butchersdelightfoods:cooked_llama_leg":2,"minecraft:oak_slab":6,"minecraft:cooked_porkchop":1,"minecraft:pumpkin":3,"minecraft:lava_bucket":1,"minecraft:dandelion":2,"immersiveengineering:raw_aluminum":11,"hexerei:sage":10,"undead_unleashed:grave_metal_scrap":19,"minecraft:blast_furnace":1,"tenebrous_lands:zenyr":1,"minecraft:spider_eye":6,"regions_unexplored:hyssop":18,"butchersdelight:sheephide":1,"minecraft:yellow_carpet":1,"regions_unexplored:fireweed":7,"immersiveengineering:seed":26,"regions_unexplored:willow_shrub":2,"regions_unexplored:magnolia_trapdoor":2,"minecraft:gray_wool":2,"minecraft:bread":18,"minecraft:oak_sapling":9,"minecraft:black_wool":8,"minecraft:coal":27,"minecraft:wheat":2,"regions_unexplored:small_oak_log":13},"minecraft:dropped":{"minecraft:bread":1,"regions_unexplored:magnolia_planks":144,"minecraft:oak_slab":1,"minecraft:crafting_table":2,"minecraft:cobblestone":71,"butchersdelightfoods:cooked_llama_leg":1,"minecraft:cracked_stone_bricks":1,"minecraft:dirt":45,"butchersdelightfoods:cooked_leg_cow":2,"minecraft:torch":1,"minecraft:wooden_axe":3,"minecraft:oak_stairs":4,"ftbquests:book":3,"minecraft:white_wool":1,"minecraft:dandelion":1,"minecraft:bone":2,"minecraft:stone_axe":1,"minecraft:raw_copper":5,"minecraft:wheat":64,"minecraft:white_carpet":2,"minecraft:clay_ball":1,"minecraft:oak_planks":2,"regions_unexplored:hyssop":12,"regions_unexplored:magnolia_slab":24,"minecraft:poppy":1,"minecraft:oak_boat":1,"minecraft:arrow":8,"minecraft:stone_pickaxe":1,"minecraft:wooden_pickaxe":1,"immersiveengineering:seed":1,"minecraft:black_wool":2},"minecraft:mined":{"realmrpg_skeletons:waterdrop_skeleton":1,"spore:fungal_roots":13,"spore:wall_growths_big":392,"spore:wall_growths":390,"minecraft:oak_door":4,"regions_unexplored:magnolia_log":5,"minecraft:grass_block":165,"minecraft:brown_wool":5,"spore:fungal_stem":90,"horror_element_mod:bloody_tombstone":1,"regions_unexplored:magnolia_slab":22,"minecraft:oxeye_daisy":2,"spore:growths_small":74,"spore:infested_dirt":41,"spore:mycelium_veins":28,"minecraft:hay_block":8,"regions_unexplored:magnolia_trapdoor":3,"minecraft:iron_ore":1,"spore:blomfung":44,"spore:rotten_log":26,"minecraft:fire":5,"spore:infested_stone":19,"minecraft:moss_carpet":1,"minecraft:pumpkin":3,"treechop:chopped_log":20,"horror_element_mod:scientist_body":1,"spore:growth_mycelium":110,"realmrpg_skeletons:rookie_skeleton":1,"supplementaries:stick":1,"minecraft:cobblestone_slab":3,"minecraft:oak_stairs":4,"regions_unexplored:medium_grass":10,"minecraft:stone":97,"immersiveengineering:ore_aluminum":11,"horror_element_mod:spiked_body":1,"minecraft:oak_slab":5,"horror_element_mod:dead_experiment":2,"born_in_chaos_v1:marigolds":4,"regions_unexplored:mauve_slab":8,"minecraft:dandelion":2,"spore:growths_big":111,"minecraft:oak_fence":1,"boh:kindness_flower":9,"minecraft:cornflower":4,"minecraft:crafting_table":2,"minecraft:torch":1,"regions_unexplored:magnolia_pressure_plate":2,"minecraft:poppy":3,"minecraft:chest":1,"regions_unexplored:blue_magnolia_leaves":16,"minecraft:copper_ore":7,"minecraft:tall_grass":29,"minecraft:cobblestone":131,"regions_unexplored:meadow_sage":3,"regions_unexplored:daisy":6,"minecraft:oak_planks":19,"minecraft:sugar_cane":2,"minecraft:wall_torch":9,"spore:fungal_stem_sapling":2,"minecraft:skeleton_skull":1,"minecraft:gray_wool":2,"minecraft:red_candle":4,"regions_unexplored:hyssop":4,"realmrpg_skeletons:bow_skeleton":1,"regions_unexplored:blue_magnolia_sapling":7,"spore:bloomfung2":178,"minecraft:wheat":3,"horror_element_mod:spiked_villager":1,"regions_unexplored:magnolia_door":2,"minecraft:black_bed":1,"minecraft:yellow_bed":2,"spore:fungal_stem_top":30,"minecraft:black_wool":6,"minecraft:grass":208,"minecraft:oak_log":9,"minecraft:coal_ore":25,"minecraft:mycelium":57,"minecraft:dirt":408,"spore:hanging_fungal_stem":8,"minecraft:cobweb":9,"hexerei:sage_crop":4,"regions_unexplored:magnolia_planks":102,"minecraft:oak_leaves":7,"spore:remains":3,"minecraft:fern":1,"regions_unexplored:fireweed":7},"minecraft:killed":{"minecraft:spider":6,"minecraft:skeleton":2,"tenebrous_lands:demogon":1,"minecraft:pig":1,"spore:inf_player":3,"minecraft:creeper":1,"undead_unleashed:frenzied_knight":2,"spore:mound":5,"spore:inf_human":2,"minecraft:zombie":2,"boh:jeff_the_killer":4},"minecraft:broken":{"minecraft:wooden_shovel":2,"minecraft:stone_pickaxe":3,"minecraft:stone_axe":1,"minecraft:wooden_axe":5},"minecraft:used":{"minecraft:oak_fence":1,"regions_unexplored:magnolia_pressure_plate":3,"minecraft:moss_carpet":1,"minecraft:stone_sword":84,"minecraft:poppy":1,"minecraft:chest":10,"minecraft:shield":3,"minecraft:wooden_shovel":265,"minecraft:stick":1,"minecraft:oak_door":7,"undead_unleashed:grave_metal_sword":16,"butchersdelightfoods:cookedbeefribs":1,"minecraft:torch":62,"minecraft:dirt":713,"regions_unexplored:mauve_sapling":4,"minecraft:yellow_carpet":1,"regions_unexplored:mauve_slab":61,"boh:kindness_flower":8,"regions_unexplored:willow_shrub":2,"regions_unexplored:hyssop":4,"minecraft:wooden_axe":724,"regions_unexplored:magnolia_door":8,"regions_unexplored:daisy":7,"minecraft:lava_bucket":16,"minecraft:oak_stairs":4,"minecraft:red_candle":6,"minecraft:hay_block":11,"minecraft:oak_sapling":6,"minecraft:furnace":1,"butchersdelightfoods:cooked_llama_leg":1,"regions_unexplored:meadow_sage":5,"minecraft:pumpkin":1,"butchersdelightfoods:cookedporkribs":1,"minecraft:wheat_seeds":12,"minecraft:water_bucket":136,"minecraft:cobblestone_stairs":4,"minecraft:stone_pickaxe":280,"minecraft:oak_planks":12,"minecraft:wooden_pickaxe":65,"minecraft:cobblestone_slab":33,"regions_unexplored:blue_magnolia_sapling":26,"minecraft:oak_slab":18,"minecraft:crafting_table":7,"regions_unexplored:magnolia_planks":210,"minecraft:black_bed":1,"minecraft:pumpkin_seeds":8,"minecraft:oak_log":1,"regions_unexplored:fireweed":4,"minecraft:black_wool":7,"minecraft:wooden_hoe":43,"minecraft:cornflower":6,"hexerei:sage_seed":23,"regions_unexplored:magnolia_slab":487,"minecraft:bread":20,"minecraft:brown_wool":6,"born_in_chaos_v1:smoked_monster_flesh":1,"born_in_chaos_v1:marigolds":3,"butchersdelightfoods:cooked_ham":2,"regions_unexplored:magnolia_trapdoor":7,"minecraft:stone_axe":182,"minecraft:wooden_sword":8,"minecraft:cobblestone":208,"minecraft:cooked_porkchop":1,"minecraft:bucket":150,"quark:oak_chest":1,"minecraft:yellow_bed":2,"minecraft:oak_boat":10,"minecraft:gray_wool":2,"minecraft:cobweb":3},"minecraft:custom":{"minecraft:mob_kills":28,"minecraft:interact_with_crafting_table":123,"minecraft:leave_game":6,"minecraft:time_since_death":7408,"minecraft:climb_one_cm":2188,"minecraft:sprint_one_cm":711369,"minecraft:walk_one_cm":2350340,"minecraft:damage_blocked_by_shield":190,"minecraft:drop":85,"minecraft:talked_to_villager":3,"minecraft:play_time":627899,"minecraft:deaths":103,"minecraft:sneak_time":70314,"minecraft:walk_under_water_one_cm":155677,"minecraft:boat_one_cm":31671,"minecraft:jump":6904,"minecraft:walk_on_water_one_cm":147604,"minecraft:total_world_time":627899,"minecraft:interact_with_furnace":3,"minecraft:interact_with_cartography_table":1,"minecraft:interact_with_stonecutter":1,"minecraft:time_since_rest":7487,"minecraft:damage_taken":30762,"minecraft:damage_dealt":9710,"minecraft:swim_one_cm":3294,"minecraft:fly_one_cm":491280,"minecraft:player_kills":2,"minecraft:open_chest":340,"minecraft:crouch_one_cm":193365,"minecraft:fall_one_cm":181228},"minecraft:crafted":{"minecraft:wooden_sword":1,"minecraft:oak_planks":76,"regions_unexplored:mauve_slab":48,"minecraft:cobblestone_slab":30,"minecraft:stone_shovel":2,"minecraft:iron_nugget":9,"minecraft:furnace":1,"regions_unexplored:magnolia_slab":456,"regions_unexplored:mauve_planks":24,"regions_unexplored:magnolia_trapdoor":4,"regions_unexplored:magnolia_pressure_plate":2,"minecraft:stone_pickaxe":3,"minecraft:chest":9,"regions_unexplored:magnolia_planks":635,"minecraft:oak_slab":12,"minecraft:wooden_shovel":4,"minecraft:crafting_table":6,"regions_unexplored:magnolia_door":6,"minecraft:wooden_pickaxe":3,"minecraft:smithing_table":1,"minecraft:pumpkin_seeds":8,"minecraft:stone_axe":4,"minecraft:air":0,"minecraft:oak_boat":6,"minecraft:wooden_hoe":2,"minecraft:shield":1,"minecraft:iron_ingot":1,"minecraft:stick":20,"minecraft:wooden_axe":12,"minecraft:torch":32}},"DataVersion":3120}