{"stats":{"minecraft:killed_by":{"minecraft:player":4,"minecraft:creeper":9,"minecraft:spider":4,"spore:inf_human":4,"tenebrous_lands:stalker":5,"minecraft:drowned":1,"undead_unleashed:frenzied_knight":3,"spore:inf_player":20,"spore:inf_villager":5,"minecraft:skeleton":18,"cataclysm:deepling_brute":1,"minecraft:zombie":1,"tenebrous_lands:scarecrow":2,"minecraft:pig":1,"tenebrous_lands:eynelvoonge":2},"minecraft:picked_up":{"minecraft:charcoal":2,"spore:mutated_heart":1,"minecraft:crafting_table":6,"biomancy:mob_gland":1,"butchersdelightfoods:legcow":1,"born_in_chaos_v1:smoked_monster_flesh":1,"born_in_chaos_v1:river_mint":3,"minecraft:clay_ball":4,"undead_unleashed:cursed_cloth":1,"regions_unexplored:magnolia_log":225,"butchersdelightfoods:llamma_ribs":2,"minecraft:lead":4,"minecraft:oak_stairs":2,"butchersdelightfoods:cooked_ham":2,"butchersdelightfoods:llama_loin":2,"minecraft:cornflower":5,"minecraft:string":24,"minecraft:raw_copper":5,"regions_unexplored:magnolia_door":2,"minecraft:white_carpet":1,"butchersdelightfoods:cooked_llama_loin":2,"butchersdelightfoods:cookedporkribs":3,"undead_unleashed:grave_metal_ingot":2,"minecraft:beef":1,"minecraft:iron_nugget":1,"minecraft:poppy":2,"butchersdelightfoods:porkribs":2,"butchersdelightfoods:cooked_sheeploin":2,"minecraft:raw_iron":4,"quark:music_disc_fire":1,"minecraft:stick":82,"minecraft:oak_door":5,"minecraft:torch":12,"butchersdelightfoods:cooked_llama_ribs":2,"minecraft:porkchop":6,"minecraft:redstone":1,"regions_unexplored:daisy":12,"regions_unexplored:pink_magnolia_sapling":12,"minecraft:tnt":1,"hexerei:sage_seed":24,"quark:clear_shard":2,"minecraft:arrow":49,"butchersdelight:deadsheep":2,"minecraft:rotten_flesh":27,"regions_unexplored:mauve_sapling":1,"minecraft:music_disc_ward":1,"butchersdelightfoods:coockedbeeftenderloin":2,"regions_unexplored:blue_magnolia_sapling":106,"minecraft:hay_block":2,"butchersdelightfoods:ham":3,"supplementaries:ash":6,"minecraft:mutton":2,"minecraft:skeleton_skull":2,"minecraft:white_wool":1,"minecraft:cobblestone":679,"minecraft:oxeye_daisy":2,"born_in_chaos_v1:corpse_maggot":2,"butchersdelightfoods:beeftenderloin":1,"minecraft:cooked_beef":1,"born_in_chaos_v1:monster_flesh":1,"quark:white_corundum":1,"minecraft:leather":3,"minecraft:black_bed":5,"minecraft:brown_wool":1,"butchersdelight:deadpig":8,"minecraft:oak_log":30,"minecraft:cobblestone_stairs":3,"minecraft:gunpowder":20,"butchersdelightfoods:cookedporkloin":3,"butchersdelightfoods:llama_leg":2,"minecraft:wither_skeleton_skull":2,"butchersdelight:goat_fur":2,"minecraft:lapis_lazuli":5,"minecraft:dirt":401,"born_in_chaos_v1:marigolds":2,"minecraft:cooked_mutton":4,"minecraft:bone":44,"butchersdelightfoods:cookedbeefribs":4,"minecraft:apple":1,"boh:kindness_flower":7,"butchersdelightfoods:cookedsheeprack":2,"minecraft:wheat_seeds":33,"regions_unexplored:magnolia_planks":12,"regions_unexplored:magnolia_slab":13,"ftbquests:book":1,"spore:mutated_fiber":23,"butchersdelightfoods:cookedsheepshank":2,"minecraft:glowstone_dust":2,"minecraft:bamboo":128,"minecraft:oak_planks":19,"regions_unexplored:bamboo_log":31,"hexerei:animal_fat":1,"butchersdelightfoods:cooked_llama_leg":1,"minecraft:oak_slab":2,"spore:cerebrum":1,"quark:red_corundum_cluster":3,"minecraft:cooked_porkchop":3,"butchersdelight:skullcow":1,"butchersdelight:cow_hide":1,"butchersdelightfoods:porkloin":3,"minecraft:sand":42,"immersiveengineering:raw_aluminum":5,"undead_unleashed:grave_metal_scrap":54,"tenebrous_lands:zenyr":2,"quark:oak_chest":1,"butchersdelightfoods:beefribs":1,"quark:red_corundum":4,"minecraft:spider_eye":11,"cataclysm:lionfish":1,"regions_unexplored:hyssop":4,"immersiveengineering:seed":33,"regions_unexplored:fireweed":3,"minecraft:diamond":1,"minecraft:stone_axe":1,"minecraft:bone_meal":2,"minecraft:gray_wool":1,"butchersdelight:deadllama":2,"minecraft:bread":16,"regions_unexplored:magnolia_boat":1,"butchersdelight:hook":1,"minecraft:oak_sapling":2,"minecraft:black_wool":1,"minecraft:coal":60},"minecraft:dropped":{"minecraft:oak_slab":1,"minecraft:wheat_seeds":1,"regions_unexplored:magnolia_log":31,"minecraft:cooked_porkchop":1,"minecraft:cobblestone":144,"undead_unleashed:grave_metal_scrap":3,"regions_unexplored:daisy":5,"minecraft:dirt":115,"born_in_chaos_v1:river_mint":2,"minecraft:cornflower":2,"minecraft:string":2,"butchersdelight:deadpig":1,"ftbquests:book":1,"minecraft:white_carpet":1,"born_in_chaos_v1:smoked_monster_flesh":1,"minecraft:oak_planks":13,"minecraft:gunpowder":6,"minecraft:spider_eye":2,"minecraft:stone_pickaxe":1,"born_in_chaos_v1:marigolds":3,"immersiveengineering:seed":3,"butchersdelightfoods:beefribs":1},"minecraft:mined":{"spore:wall_growths_big":6,"quark:red_corundum":4,"minecraft:diamond_ore":1,"regions_unexplored:magnolia_log":10,"minecraft:grass_block":187,"quark:white_corundum":1,"spore:fungal_stem":2,"regions_unexplored:magnolia_slab":4,"butchersdelight:deadpigblock":1,"spore:growths_small":9,"minecraft:hay_block":1,"spore:blomfung":6,"spore:rotten_log":9,"minecraft:iron_ore":3,"supplementaries:bamboo_spikes":1,"treechop:chopped_log":19,"spore:growth_mycelium":1,"realmrpg_skeletons:rookie_skeleton":1,"minecraft:potatoes":1,"minecraft:vine":1,"minecraft:oak_stairs":2,"regions_unexplored:medium_grass":3,"minecraft:bamboo":14,"minecraft:stone":624,"butchersdelight:hookedpig":1,"immersiveengineering:ore_aluminum":5,"quark:red_corundum_cluster":2,"minecraft:oak_slab":2,"minecraft:glass_pane":1,"spore:growths_big":6,"minecraft:torch":1,"minecraft:crafting_table":4,"minecraft:cornflower":1,"minecraft:glass":1,"minecraft:copper_ore":1,"minecraft:tall_grass":10,"minecraft:cobblestone":24,"minecraft:lapis_ore":1,"minecraft:oak_planks":4,"minecraft:wall_torch":5,"minecraft:skeleton_skull":1,"spore:bloomfung2":7,"regions_unexplored:magnolia_door":1,"minecraft:black_bed":3,"minecraft:tnt":5,"minecraft:grass":45,"minecraft:coal_ore":63,"minecraft:oak_log":3,"minecraft:gravel":15,"minecraft:sand":41,"minecraft:dirt":62,"minecraft:cobweb":4,"minecraft:wither_skeleton_skull":1,"regions_unexplored:magnolia_planks":14,"minecraft:oak_leaves":3,"spore:remains":3,"minecraft:fern":1,"spore:fungal_roots":3},"minecraft:killed":{"tenebrous_lands:scarecrow":1,"minecraft:spider":18,"minecraft:skeleton":4,"cataclysm:lionfish":1,"cataclysm:deepling_angler":1,"minecraft:pig":7,"spore:inf_player":6,"minecraft:wandering_trader":1,"minecraft:creeper":5,"minecraft:sheep":2,"spore:inf_villager":1,"minecraft:pillager":1,"spore:mound":2,"minecraft:zombie":2,"spore:inf_witch":1,"cotw:harvester":1,"boh:jeff_the_killer":2,"tenebrous_lands:stalker":1},"minecraft:broken":{"minecraft:wooden_pickaxe":1,"minecraft:stone_pickaxe":3,"minecraft:shield":1,"minecraft:stone_axe":3},"minecraft:used":{"butchersdelightfoods:ham":1,"minecraft:iron_shovel":246,"minecraft:stone_sword":28,"regions_unexplored:magnolia_boat":1,"butchersdelightfoods:cookedporkloin":3,"minecraft:stone_shovel":20,"minecraft:chest":15,"minecraft:shield":146,"butchersdelight:hook":1,"butchersdelightfoods:cooked_leg_cow":5,"minecraft:oak_door":4,"butchersdelightfoods:cookedbeefribs":1,"minecraft:torch":67,"minecraft:dirt":257,"minecraft:carrot":4,"butchersdelightfoods:porkloin":1,"regions_unexplored:magnolia_log":1,"minecraft:glass":1,"minecraft:wooden_axe":10,"butchersdelight:cleaver":3,"regions_unexplored:magnolia_door":3,"regions_unexplored:daisy":5,"minecraft:iron_axe":161,"butchersdelightfoods:cooked_llama_loin":2,"minecraft:bow":44,"minecraft:oak_sapling":2,"minecraft:furnace":5,"butchersdelightfoods:cooked_llama_leg":1,"minecraft:skeleton_skull":1,"minecraft:cooked_beef":1,"butchersdelightfoods:cookedporkribs":1,"minecraft:cooked_mutton":2,"butchersdelightfoods:coockedbeeftenderloin":2,"minecraft:wither_skeleton_skull":2,"minecraft:stone_pickaxe":633,"minecraft:oak_planks":48,"minecraft:wooden_pickaxe":72,"butchersdelightfoods:cookedsheepshank":2,"regions_unexplored:pink_magnolia_sapling":12,"graveyard:bone_dagger":4,"minecraft:golden_apple":1,"butchersdelight:skullcow":1,"regions_unexplored:blue_magnolia_sapling":64,"minecraft:crafting_table":11,"minecraft:campfire":2,"regions_unexplored:magnolia_planks":147,"minecraft:black_bed":6,"regions_unexplored:fireweed":3,"minecraft:apple":1,"quark:red_corundum_cluster":3,"regions_unexplored:magnolia_slab":90,"minecraft:iron_pickaxe":151,"minecraft:bread":12,"quark:red_corundum":4,"minecraft:stone_axe":275,"butchersdelightfoods:cooked_ham":3,"butchersdelightfoods:cookedsheeprack":3,"minecraft:cobblestone":422,"minecraft:cooked_porkchop":2,"butchersdelightfoods:cooked_llama_ribs":2,"minecraft:glass_pane":39,"quark:oak_chest":1,"supplementaries:bamboo_spikes":64,"quark:white_corundum":1,"minecraft:oak_boat":2,"minecraft:bone_meal":40,"butchersdelightfoods:cooked_sheeploin":1,"minecraft:cobweb":2},"minecraft:custom":{"minecraft:mob_kills":65,"minecraft:interact_with_crafting_table":71,"minecraft:interact_with_campfire":23,"minecraft:leave_game":7,"minecraft:time_since_death":58692,"minecraft:climb_one_cm":14402,"minecraft:sprint_one_cm":392274,"minecraft:walk_one_cm":2089876,"minecraft:damage_blocked_by_shield":4170,"minecraft:drop":33,"minecraft:play_time":613247,"minecraft:sneak_time":34164,"minecraft:deaths":81,"minecraft:walk_under_water_one_cm":55587,"minecraft:boat_one_cm":7271,"minecraft:jump":5966,"minecraft:walk_on_water_one_cm":79729,"minecraft:total_world_time":613247,"minecraft:interact_with_furnace":27,"minecraft:time_since_rest":58732,"minecraft:damage_taken":25945,"minecraft:damage_dealt":11367,"minecraft:player_kills":2,"minecraft:swim_one_cm":8487,"minecraft:fly_one_cm":351501,"minecraft:open_chest":130,"minecraft:crouch_one_cm":90696,"minecraft:fall_one_cm":73345},"minecraft:crafted":{"minecraft:stone_shovel":1,"minecraft:oak_door":3,"minecraft:oak_planks":120,"minecraft:iron_nugget":53,"minecraft:furnace":5,"supplementaries:bamboo_spikes":64,"minecraft:bone_meal":64,"regions_unexplored:magnolia_slab":430,"minecraft:glass_pane":112,"minecraft:glass":43,"graveyard:bone_dagger":1,"minecraft:bow":1,"minecraft:iron_axe":1,"minecraft:stone_pickaxe":19,"minecraft:chest":15,"regions_unexplored:magnolia_planks":608,"immersiveengineering:ingot_aluminum":5,"minecraft:crafting_table":5,"minecraft:wooden_pickaxe":2,"regions_unexplored:magnolia_door":3,"butchersdelight:cleaver":1,"minecraft:campfire":2,"minecraft:stone_axe":4,"minecraft:air":0,"minecraft:oak_boat":2,"minecraft:charcoal":10,"minecraft:shield":2,"minecraft:stick":128,"quark:oak_chest":1,"minecraft:iron_ingot":9,"minecraft:iron_pickaxe":1,"minecraft:wooden_axe":2,"minecraft:stone_sword":1,"minecraft:iron_shovel":1,"regions_unexplored:magnolia_boat":1,"minecraft:torch":136}},"DataVersion":3120}