{"stats":{"minecraft:broken":{"minecraft:wooden_pickaxe":1,"minecraft:stone_pickaxe":3,"minecraft:stone_axe":1},"minecraft:killed":{"tenebrous_lands:scarecrow":1,"minecraft:spider":9,"minecraft:skeleton":2,"cataclysm:lionfish":1,"cataclysm:deepling_angler":1,"minecraft:pig":5,"spore:inf_player":3,"minecraft:wandering_trader":1,"minecraft:creeper":3,"minecraft:sheep":2,"cotw:harvester":1,"boh:jeff_the_killer":2,"tenebrous_lands:stalker":1},"minecraft:custom":{"minecraft:mob_kills":36,"minecraft:interact_with_crafting_table":44,"minecraft:interact_with_campfire":15,"minecraft:leave_game":5,"minecraft:time_since_death":10598,"minecraft:climb_one_cm":1293,"minecraft:sprint_one_cm":294179,"minecraft:walk_one_cm":1520776,"minecraft:damage_blocked_by_shield":2600,"minecraft:drop":27,"minecraft:play_time":411327,"minecraft:deaths":74,"minecraft:sneak_time":16075,"minecraft:walk_under_water_one_cm":45402,"minecraft:boat_one_cm":6115,"minecraft:jump":4232,"minecraft:walk_on_water_one_cm":66352,"minecraft:total_world_time":411327,"minecraft:interact_with_furnace":20,"minecraft:time_since_rest":10622,"minecraft:damage_taken":22530,"minecraft:damage_dealt":7074,"minecraft:swim_one_cm":8487,"minecraft:fly_one_cm":280493,"minecraft:player_kills":2,"minecraft:open_chest":53,"minecraft:crouch_one_cm":29901,"minecraft:fall_one_cm":59428},"minecraft:dropped":{"minecraft:oak_slab":1,"minecraft:wheat_seeds":1,"minecraft:cooked_porkchop":1,"minecraft:cobblestone":144,"undead_unleashed:grave_metal_scrap":3,"regions_unexplored:daisy":5,"minecraft:dirt":97,"born_in_chaos_v1:river_mint":2,"minecraft:cornflower":2,"butchersdelight:deadpig":1,"ftbquests:book":1,"minecraft:white_carpet":1,"born_in_chaos_v1:smoked_monster_flesh":1,"minecraft:gunpowder":5,"minecraft:spider_eye":2,"minecraft:stone_pickaxe":1,"born_in_chaos_v1:marigolds":3,"immersiveengineering:seed":3,"butchersdelightfoods:beefribs":1},"minecraft:used":{"minecraft:stone_sword":28,"minecraft:iron_shovel":84,"minecraft:stone_shovel":1,"minecraft:chest":4,"minecraft:shield":87,"butchersdelight:hook":1,"butchersdelightfoods:cooked_leg_cow":5,"minecraft:oak_door":4,"minecraft:torch":23,"minecraft:dirt":32,"butchersdelightfoods:porkloin":1,"minecraft:wooden_axe":10,"butchersdelight:cleaver":1,"regions_unexplored:daisy":5,"minecraft:iron_axe":89,"butchersdelightfoods:cooked_llama_loin":1,"minecraft:bow":19,"minecraft:oak_sapling":2,"minecraft:furnace":5,"minecraft:skeleton_skull":1,"minecraft:cooked_mutton":2,"butchersdelightfoods:coockedbeeftenderloin":2,"minecraft:wither_skeleton_skull":1,"minecraft:stone_pickaxe":547,"minecraft:oak_planks":48,"minecraft:wooden_pickaxe":72,"butchersdelightfoods:cookedsheepshank":2,"regions_unexplored:pink_magnolia_sapling":12,"butchersdelight:skullcow":1,"regions_unexplored:blue_magnolia_sapling":55,"minecraft:crafting_table":9,"minecraft:campfire":2,"regions_unexplored:magnolia_planks":9,"minecraft:black_bed":6,"regions_unexplored:fireweed":3,"minecraft:apple":1,"minecraft:bread":12,"minecraft:stone_axe":80,"butchersdelightfoods:cookedsheeprack":2,"minecraft:cobblestone":370,"minecraft:oak_boat":2,"minecraft:cobweb":2},"minecraft:crafted":{"minecraft:oak_door":3,"minecraft:oak_planks":120,"minecraft:iron_nugget":53,"minecraft:furnace":5,"minecraft:bow":1,"minecraft:iron_axe":1,"minecraft:stone_pickaxe":9,"minecraft:chest":4,"regions_unexplored:magnolia_planks":128,"immersiveengineering:ingot_aluminum":5,"minecraft:crafting_table":3,"minecraft:wooden_pickaxe":2,"butchersdelight:cleaver":1,"minecraft:campfire":2,"minecraft:stone_axe":3,"minecraft:air":0,"minecraft:oak_boat":2,"minecraft:charcoal":10,"minecraft:shield":1,"minecraft:stick":56,"minecraft:iron_ingot":8,"minecraft:wooden_axe":2,"minecraft:stone_sword":1,"minecraft:iron_shovel":1,"minecraft:torch":20},"minecraft:picked_up":{"minecraft:charcoal":2,"spore:mutated_heart":1,"minecraft:crafting_table":6,"butchersdelightfoods:llamma_ribs":2,"biomancy:mob_gland":1,"born_in_chaos_v1:smoked_monster_flesh":1,"butchersdelightfoods:legcow":1,"born_in_chaos_v1:river_mint":3,"minecraft:clay_ball":4,"regions_unexplored:magnolia_log":79,"undead_unleashed:cursed_cloth":1,"minecraft:lead":3,"minecraft:oak_stairs":2,"butchersdelightfoods:llama_loin":2,"minecraft:cornflower":5,"minecraft:string":12,"butchersdelightfoods:cooked_llama_loin":2,"minecraft:white_carpet":1,"butchersdelightfoods:cookedporkribs":1,"undead_unleashed:grave_metal_ingot":2,"minecraft:beef":1,"minecraft:iron_nugget":1,"minecraft:poppy":2,"quark:music_disc_fire":1,"butchersdelightfoods:cooked_sheeploin":2,"minecraft:stick":29,"minecraft:raw_iron":4,"minecraft:oak_door":5,"minecraft:torch":12,"butchersdelightfoods:cooked_llama_ribs":2,"minecraft:porkchop":4,"minecraft:redstone":1,"regions_unexplored:daisy":12,"regions_unexplored:pink_magnolia_sapling":12,"hexerei:sage_seed":22,"minecraft:rotten_flesh":27,"minecraft:arrow":46,"butchersdelight:deadsheep":2,"minecraft:music_disc_ward":1,"regions_unexplored:blue_magnolia_sapling":56,"butchersdelightfoods:coockedbeeftenderloin":2,"butchersdelightfoods:ham":1,"minecraft:hay_block":2,"supplementaries:ash":6,"minecraft:mutton":2,"minecraft:skeleton_skull":2,"minecraft:white_wool":1,"minecraft:cobblestone":586,"born_in_chaos_v1:corpse_maggot":2,"butchersdelightfoods:beeftenderloin":1,"minecraft:cooked_beef":1,"born_in_chaos_v1:monster_flesh":1,"minecraft:leather":3,"minecraft:black_bed":5,"minecraft:brown_wool":1,"butchersdelight:deadpig":5,"minecraft:oak_log":30,"minecraft:wither_skeleton_skull":2,"butchersdelightfoods:cookedporkloin":1,"butchersdelightfoods:llama_leg":2,"minecraft:gunpowder":17,"minecraft:cobblestone_stairs":3,"butchersdelight:goat_fur":2,"minecraft:dirt":196,"born_in_chaos_v1:marigolds":2,"minecraft:cooked_mutton":4,"butchersdelightfoods:cookedbeefribs":4,"minecraft:bone":43,"minecraft:apple":1,"boh:kindness_flower":3,"butchersdelightfoods:cookedsheeprack":2,"minecraft:wheat_seeds":29,"regions_unexplored:magnolia_planks":4,"regions_unexplored:magnolia_slab":3,"ftbquests:book":1,"spore:mutated_fiber":17,"butchersdelightfoods:cookedsheepshank":2,"minecraft:oak_planks":6,"butchersdelightfoods:cooked_llama_leg":1,"hexerei:animal_fat":1,"minecraft:oak_slab":2,"minecraft:cooked_porkchop":1,"butchersdelight:skullcow":1,"butchersdelight:cow_hide":1,"minecraft:sand":42,"butchersdelightfoods:porkloin":1,"immersiveengineering:raw_aluminum":5,"undead_unleashed:grave_metal_scrap":53,"tenebrous_lands:zenyr":2,"butchersdelightfoods:beefribs":1,"quark:oak_chest":1,"minecraft:spider_eye":6,"cataclysm:lionfish":1,"regions_unexplored:hyssop":3,"regions_unexplored:fireweed":3,"immersiveengineering:seed":30,"minecraft:stone_axe":1,"minecraft:gray_wool":1,"butchersdelight:deadllama":2,"minecraft:bread":16,"butchersdelight:hook":1,"minecraft:oak_sapling":2,"minecraft:black_wool":1,"minecraft:coal":15},"minecraft:mined":{"minecraft:grass_block":21,"spore:growths_small":2,"minecraft:hay_block":1,"minecraft:iron_ore":3,"treechop:chopped_log":7,"realmrpg_skeletons:rookie_skeleton":1,"minecraft:potatoes":1,"minecraft:vine":1,"minecraft:oak_stairs":2,"regions_unexplored:medium_grass":1,"minecraft:stone":531,"butchersdelight:hookedpig":1,"immersiveengineering:ore_aluminum":5,"minecraft:oak_slab":2,"spore:growths_big":1,"minecraft:torch":1,"minecraft:crafting_table":4,"minecraft:cornflower":1,"minecraft:tall_grass":9,"minecraft:cobblestone":24,"minecraft:oak_planks":4,"minecraft:wall_torch":5,"minecraft:skeleton_skull":1,"minecraft:black_bed":3,"minecraft:grass":22,"minecraft:oak_log":3,"minecraft:coal_ore":18,"minecraft:sand":41,"minecraft:dirt":45,"minecraft:cobweb":4,"minecraft:wither_skeleton_skull":1,"regions_unexplored:magnolia_planks":6,"minecraft:oak_leaves":3,"spore:remains":3},"minecraft:killed_by":{"minecraft:player":4,"minecraft:creeper":9,"minecraft:spider":4,"spore:inf_human":4,"tenebrous_lands:stalker":5,"minecraft:drowned":1,"undead_unleashed:frenzied_knight":3,"spore:inf_player":17,"spore:inf_villager":2,"cataclysm:deepling_brute":1,"minecraft:skeleton":18,"minecraft:zombie":1,"tenebrous_lands:scarecrow":2,"minecraft:pig":1,"tenebrous_lands:eynelvoonge":2}},"DataVersion":3120}