{"stats":{"minecraft:killed_by":{"minecraft:creeper":10,"spore:inf_human":4,"minecraft:drowned":1,"undead_unleashed:frenzied_knight":3,"spore:inf_player":21,"spore:inf_villager":5,"cataclysm:deepling_brute":1,"minecraft:zombie":1,"tenebrous_lands:scarecrow":2,"minecraft:pig":1,"minecraft:player":4,"minecraft:spider":4,"tenebrous_lands:stalker":5,"minecraft:skeleton":18,"tenebrous_lands:eynelvoonge":2},"minecraft:picked_up":{"spore:mutated_heart":1,"biomancy:mob_gland":1,"butchersdelightfoods:legcow":2,"spore:infested_dirt":3,"regions_unexplored:magnolia_log":225,"undead_unleashed:cursed_cloth":1,"butchersdelightfoods:llamma_ribs":2,"minecraft:lead":4,"minecraft:oak_stairs":2,"butchersdelightfoods:cooked_ham":2,"butchersdelightfoods:llama_loin":2,"minecraft:string":24,"minecraft:raw_copper":5,"regions_unexplored:magnolia_door":2,"butchersdelightfoods:cooked_llama_loin":2,"minecraft:stick":82,"butchersdelightfoods:cooked_sheeploin":2,"quark:music_disc_fire":1,"minecraft:torch":12,"minecraft:porkchop":7,"regions_unexplored:daisy":12,"regions_unexplored:pink_magnolia_sapling":12,"quark:clear_shard":2,"minecraft:rotten_flesh":27,"minecraft:music_disc_ward":1,"regions_unexplored:blue_magnolia_sapling":106,"butchersdelightfoods:ham":4,"supplementaries:ash":6,"minecraft:cobblestone":679,"butchersdelightfoods:beeftenderloin":2,"minecraft:cooked_beef":1,"minecraft:black_bed":5,"minecraft:brown_wool":1,"butchersdelight:deadpig":8,"minecraft:wither_skeleton_skull":2,"butchersdelightfoods:cookedporkloin":3,"butchersdelightfoods:llama_leg":2,"butchersdelight:goat_fur":2,"minecraft:lapis_lazuli":5,"minecraft:dirt":402,"born_in_chaos_v1:marigolds":2,"minecraft:bone":44,"butchersdelightfoods:cookedbeefribs":4,"butchersdelightfoods:cookedsheeprack":2,"regions_unexplored:magnolia_planks":12,"minecraft:wheat_seeds":35,"ftbquests:book":1,"minecraft:bamboo":128,"minecraft:glowstone_dust":2,"butchersdelightfoods:cookedsheepshank":2,"minecraft:oak_planks":19,"regions_unexplored:bamboo_log":31,"hexerei:animal_fat":1,"butchersdelightfoods:cooked_llama_leg":1,"spore:cerebrum":1,"minecraft:cooked_porkchop":3,"butchersdelight:cow_hide":2,"butchersdelight:skullcow":2,"immersiveengineering:raw_aluminum":5,"butchersdelightfoods:porkloin":4,"minecraft:sand":42,"tenebrous_lands:zenyr":2,"butchersdelightfoods:beefribs":2,"quark:red_corundum":4,"cataclysm:lionfish":1,"regions_unexplored:hyssop":5,"minecraft:diamond":1,"minecraft:bone_meal":2,"butchersdelight:deadllama":2,"minecraft:bread":16,"regions_unexplored:magnolia_boat":1,"minecraft:oak_sapling":2,"butchersdelight:hook":1,"minecraft:charcoal":2,"minecraft:crafting_table":6,"minecraft:clay_ball":4,"born_in_chaos_v1:smoked_monster_flesh":1,"born_in_chaos_v1:river_mint":3,"minecraft:cornflower":5,"minecraft:white_carpet":1,"butchersdelightfoods:cookedporkribs":3,"undead_unleashed:grave_metal_ingot":2,"minecraft:beef":2,"minecraft:iron_nugget":1,"minecraft:poppy":4,"butchersdelightfoods:porkribs":3,"minecraft:raw_iron":4,"minecraft:oak_door":5,"butchersdelightfoods:cooked_llama_ribs":2,"minecraft:redstone":1,"hexerei:sage_seed":31,"minecraft:tnt":1,"minecraft:arrow":49,"butchersdelight:deadsheep":2,"regions_unexplored:mauve_sapling":1,"butchersdelightfoods:coockedbeeftenderloin":2,"minecraft:hay_block":2,"minecraft:mutton":2,"minecraft:skeleton_skull":2,"minecraft:white_wool":1,"minecraft:oxeye_daisy":2,"born_in_chaos_v1:corpse_maggot":2,"born_in_chaos_v1:monster_flesh":1,"quark:white_corundum":1,"minecraft:leather":3,"minecraft:oak_log":30,"minecraft:gunpowder":20,"minecraft:cobblestone_stairs":3,"minecraft:cooked_mutton":4,"minecraft:apple":1,"boh:kindness_flower":7,"regions_unexplored:magnolia_slab":13,"spore:mutated_fiber":55,"minecraft:oak_slab":2,"quark:red_corundum_cluster":3,"undead_unleashed:grave_metal_scrap":54,"quark:oak_chest":1,"minecraft:spider_eye":12,"regions_unexplored:fireweed":3,"immersiveengineering:seed":35,"minecraft:stone_axe":1,"minecraft:gray_wool":1,"minecraft:black_wool":1,"minecraft:coal":60},"minecraft:dropped":{"regions_unexplored:magnolia_log":31,"minecraft:cooked_porkchop":1,"undead_unleashed:grave_metal_scrap":3,"minecraft:dirt":115,"minecraft:cornflower":2,"ftbquests:book":1,"minecraft:oak_planks":13,"minecraft:gunpowder":6,"born_in_chaos_v1:marigolds":3,"immersiveengineering:seed":3,"minecraft:oak_slab":1,"minecraft:wheat_seeds":1,"minecraft:cobblestone":144,"regions_unexplored:daisy":5,"born_in_chaos_v1:river_mint":2,"butchersdelight:deadpig":1,"minecraft:string":2,"minecraft:white_carpet":1,"born_in_chaos_v1:smoked_monster_flesh":1,"minecraft:spider_eye":2,"minecraft:stone_pickaxe":1,"butchersdelightfoods:beefribs":1},"minecraft:mined":{"spore:fungal_roots":6,"spore:wall_growths":73,"regions_unexplored:magnolia_log":10,"minecraft:grass_block":188,"quark:white_corundum":1,"spore:fungal_stem":30,"spore:infested_dirt":1,"spore:mycelium_veins":5,"minecraft:iron_ore":3,"spore:growth_mycelium":33,"realmrpg_skeletons:rookie_skeleton":1,"minecraft:oak_stairs":2,"quark:red_corundum_cluster":2,"spore:biomass_lump":1,"spore:growths_big":32,"minecraft:torch":1,"minecraft:poppy":2,"minecraft:glass":1,"minecraft:cobblestone":24,"minecraft:oak_planks":4,"minecraft:wall_torch":5,"minecraft:skeleton_skull":1,"spore:fungal_stem_sapling":1,"regions_unexplored:hyssop":1,"regions_unexplored:magnolia_door":1,"minecraft:tnt":5,"minecraft:black_bed":3,"minecraft:grass":92,"minecraft:oak_log":3,"minecraft:sand":41,"minecraft:dirt":62,"spore:hanging_fungal_stem":4,"minecraft:wither_skeleton_skull":1,"minecraft:oak_leaves":3,"spore:remains":3,"quark:red_corundum":4,"minecraft:diamond_ore":1,"spore:wall_growths_big":132,"regions_unexplored:magnolia_slab":4,"butchersdelight:deadpigblock":1,"spore:growths_small":28,"minecraft:hay_block":1,"spore:rotten_log":9,"spore:blomfung":16,"supplementaries:bamboo_spikes":1,"treechop:chopped_log":19,"minecraft:potatoes":1,"minecraft:vine":1,"regions_unexplored:medium_grass":3,"minecraft:bamboo":14,"minecraft:stone":624,"immersiveengineering:ore_aluminum":5,"butchersdelight:hookedpig":1,"minecraft:oak_slab":2,"minecraft:glass_pane":1,"minecraft:crafting_table":4,"minecraft:cornflower":1,"minecraft:tall_grass":12,"minecraft:copper_ore":1,"minecraft:lapis_ore":1,"spore:bloomfung2":55,"spore:fungal_stem_top":3,"minecraft:coal_ore":63,"minecraft:mycelium":2,"minecraft:gravel":15,"minecraft:cobweb":4,"regions_unexplored:magnolia_planks":14,"minecraft:fern":1},"minecraft:killed":{"minecraft:spider":20,"minecraft:skeleton":4,"minecraft:pig":7,"spore:inf_player":8,"minecraft:creeper":5,"minecraft:sheep":2,"spore:inf_villager":1,"minecraft:pillager":1,"spore:mound":2,"minecraft:zombie":2,"tenebrous_lands:stalker":1,"tenebrous_lands:scarecrow":1,"cataclysm:lionfish":1,"cataclysm:deepling_angler":1,"minecraft:wandering_trader":1,"spore:inf_witch":1,"cotw:harvester":2,"boh:jeff_the_killer":2},"minecraft:broken":{"minecraft:stone_pickaxe":3,"minecraft:stone_axe":3,"minecraft:wooden_pickaxe":1,"minecraft:shield":1},"minecraft:used":{"minecraft:iron_shovel":246,"minecraft:chest":15,"minecraft:shield":147,"butchersdelight:hook":1,"butchersdelightfoods:cookedbeefribs":1,"minecraft:carrot":4,"butchersdelightfoods:porkloin":1,"minecraft:glass":1,"minecraft:bow":44,"minecraft:furnace":5,"minecraft:oak_sapling":2,"minecraft:skeleton_skull":1,"butchersdelightfoods:cookedporkribs":3,"butchersdelightfoods:coockedbeeftenderloin":5,"minecraft:wither_skeleton_skull":2,"minecraft:stone_pickaxe":633,"minecraft:oak_planks":112,"minecraft:wooden_pickaxe":72,"butchersdelightfoods:cookedsheepshank":2,"butchersdelight:skullcow":2,"minecraft:golden_apple":1,"minecraft:black_bed":6,"regions_unexplored:fireweed":3,"regions_unexplored:magnolia_slab":90,"minecraft:bread":12,"quark:red_corundum":4,"butchersdelightfoods:cooked_ham":3,"butchersdelightfoods:cooked_llama_ribs":2,"supplementaries:bamboo_spikes":64,"minecraft:oak_boat":2,"minecraft:bone_meal":40,"butchersdelightfoods:cooked_sheeploin":1,"minecraft:cobweb":2,"butchersdelightfoods:ham":1,"regions_unexplored:magnolia_boat":1,"minecraft:stone_sword":28,"butchersdelightfoods:cookedporkloin":3,"minecraft:stone_shovel":23,"butchersdelightfoods:cooked_leg_cow":5,"minecraft:oak_door":4,"minecraft:torch":67,"minecraft:dirt":258,"regions_unexplored:magnolia_log":1,"regions_unexplored:hyssop":1,"minecraft:wooden_axe":10,"regions_unexplored:daisy":5,"regions_unexplored:magnolia_door":3,"butchersdelight:cleaver":3,"minecraft:iron_axe":161,"spore:infested_dirt":1,"butchersdelightfoods:cooked_llama_loin":2,"butchersdelightfoods:cooked_llama_leg":1,"minecraft:cooked_beef":1,"minecraft:cooked_mutton":2,"regions_unexplored:pink_magnolia_sapling":12,"graveyard:bone_dagger":4,"regions_unexplored:blue_magnolia_sapling":64,"minecraft:crafting_table":11,"minecraft:campfire":2,"regions_unexplored:magnolia_planks":176,"minecraft:apple":1,"quark:red_corundum_cluster":3,"minecraft:iron_pickaxe":151,"minecraft:stone_axe":518,"butchersdelightfoods:cookedsheeprack":3,"minecraft:cobblestone":422,"minecraft:cooked_porkchop":2,"quark:white_corundum":1,"minecraft:glass_pane":39,"quark:oak_chest":1},"minecraft:custom":{"minecraft:interact_with_crafting_table":73,"minecraft:leave_game":7,"minecraft:time_since_death":25990,"minecraft:sprint_one_cm":432630,"minecraft:damage_blocked_by_shield":4190,"minecraft:drop":33,"minecraft:play_time":655247,"minecraft:deaths":83,"minecraft:jump":6569,"minecraft:walk_on_water_one_cm":79847,"minecraft:interact_with_furnace":27,"minecraft:damage_dealt":14887,"minecraft:player_kills":3,"minecraft:crouch_one_cm":106677,"minecraft:mob_kills":73,"minecraft:interact_with_campfire":23,"minecraft:climb_one_cm":14900,"minecraft:walk_one_cm":2250743,"minecraft:sneak_time":38634,"minecraft:walk_under_water_one_cm":55587,"minecraft:boat_one_cm":7271,"minecraft:total_world_time":655247,"minecraft:time_since_rest":26063,"minecraft:damage_taken":27255,"minecraft:swim_one_cm":8487,"minecraft:fly_one_cm":386680,"minecraft:open_chest":148,"minecraft:fall_one_cm":78248},"minecraft:crafted":{"minecraft:oak_planks":120,"supplementaries:bamboo_spikes":64,"minecraft:glass":43,"graveyard:bone_dagger":1,"minecraft:bow":1,"minecraft:chest":15,"immersiveengineering:ingot_aluminum":5,"minecraft:crafting_table":5,"minecraft:wooden_pickaxe":2,"butchersdelight:cleaver":1,"minecraft:campfire":2,"minecraft:charcoal":10,"minecraft:shield":2,"quark:oak_chest":1,"minecraft:stick":128,"minecraft:iron_ingot":9,"minecraft:iron_pickaxe":1,"minecraft:stone_sword":1,"regions_unexplored:magnolia_boat":1,"minecraft:oak_door":3,"minecraft:stone_shovel":1,"minecraft:iron_nugget":53,"minecraft:furnace":5,"minecraft:bone_meal":64,"regions_unexplored:magnolia_slab":430,"minecraft:glass_pane":112,"minecraft:iron_axe":1,"minecraft:stone_pickaxe":19,"regions_unexplored:magnolia_planks":608,"regions_unexplored:magnolia_door":3,"minecraft:stone_axe":8,"minecraft:air":0,"minecraft:oak_boat":2,"minecraft:wooden_axe":2,"minecraft:iron_shovel":1,"minecraft:torch":136}},"DataVersion":3120}