{"stats":{"minecraft:broken":{"minecraft:wooden_pickaxe":1,"minecraft:stone_pickaxe":3},"minecraft:killed":{"minecraft:spider":3,"minecraft:skeleton":1,"minecraft:pig":4,"minecraft:creeper":2,"minecraft:sheep":2,"tenebrous_lands:stalker":1},"minecraft:custom":{"minecraft:mob_kills":16,"minecraft:interact_with_crafting_table":32,"minecraft:interact_with_campfire":1,"minecraft:leave_game":4,"minecraft:time_since_death":25428,"minecraft:climb_one_cm":1293,"minecraft:sprint_one_cm":168761,"minecraft:walk_one_cm":934449,"minecraft:damage_blocked_by_shield":440,"minecraft:drop":10,"minecraft:play_time":237705,"minecraft:deaths":35,"minecraft:sneak_time":6061,"minecraft:walk_under_water_one_cm":28937,"minecraft:boat_one_cm":5161,"minecraft:jump":2536,"minecraft:walk_on_water_one_cm":28678,"minecraft:total_world_time":237705,"minecraft:interact_with_furnace":10,"minecraft:time_since_rest":25457,"minecraft:damage_taken":11300,"minecraft:damage_dealt":2385,"minecraft:swim_one_cm":5651,"minecraft:fly_one_cm":176272,"minecraft:player_kills":2,"minecraft:open_chest":25,"minecraft:crouch_one_cm":16988,"minecraft:fall_one_cm":34752},"minecraft:dropped":{"minecraft:oak_slab":1,"minecraft:wheat_seeds":1,"minecraft:cobblestone":8,"undead_unleashed:grave_metal_scrap":3,"regions_unexplored:daisy":5,"minecraft:cornflower":1,"butchersdelight:deadpig":1,"ftbquests:book":1,"minecraft:white_carpet":1,"immersiveengineering:seed":3},"minecraft:used":{"minecraft:stone_sword":28,"minecraft:chest":2,"minecraft:shield":22,"butchersdelightfoods:cooked_leg_cow":2,"minecraft:oak_door":4,"minecraft:torch":16,"minecraft:dirt":27,"butchersdelightfoods:porkloin":1,"minecraft:wooden_axe":10,"regions_unexplored:daisy":5,"minecraft:bow":3,"minecraft:furnace":2,"minecraft:oak_sapling":2,"minecraft:skeleton_skull":1,"butchersdelightfoods:coockedbeeftenderloin":1,"minecraft:stone_pickaxe":542,"minecraft:oak_planks":48,"minecraft:wooden_pickaxe":72,"butchersdelightfoods:cookedsheepshank":2,"regions_unexplored:pink_magnolia_sapling":12,"regions_unexplored:blue_magnolia_sapling":22,"minecraft:crafting_table":9,"minecraft:campfire":1,"regions_unexplored:magnolia_planks":9,"minecraft:black_bed":4,"regions_unexplored:fireweed":3,"minecraft:apple":1,"minecraft:bread":12,"minecraft:stone_axe":73,"butchersdelightfoods:cookedsheeprack":2,"minecraft:cobblestone":187,"minecraft:oak_boat":2,"minecraft:cobweb":2},"minecraft:crafted":{"minecraft:oak_door":3,"minecraft:oak_planks":120,"minecraft:furnace":2,"minecraft:bow":1,"minecraft:stone_pickaxe":8,"minecraft:chest":2,"regions_unexplored:magnolia_planks":48,"minecraft:crafting_table":2,"minecraft:wooden_pickaxe":2,"butchersdelight:cleaver":1,"minecraft:campfire":1,"minecraft:stone_axe":2,"minecraft:air":0,"minecraft:oak_boat":2,"minecraft:charcoal":9,"minecraft:shield":1,"minecraft:stick":56,"minecraft:iron_ingot":3,"minecraft:wooden_axe":2,"minecraft:stone_sword":1,"minecraft:torch":20},"minecraft:picked_up":{"minecraft:charcoal":2,"minecraft:crafting_table":6,"born_in_chaos_v1:river_mint":1,"minecraft:clay_ball":4,"regions_unexplored:magnolia_log":37,"undead_unleashed:cursed_cloth":1,"minecraft:oak_stairs":2,"minecraft:cornflower":2,"minecraft:string":8,"minecraft:white_carpet":1,"undead_unleashed:grave_metal_ingot":2,"minecraft:iron_nugget":1,"minecraft:poppy":2,"butchersdelightfoods:cooked_sheeploin":2,"minecraft:stick":22,"minecraft:raw_iron":4,"minecraft:oak_door":5,"minecraft:torch":7,"minecraft:porkchop":2,"minecraft:redstone":1,"regions_unexplored:daisy":10,"regions_unexplored:pink_magnolia_sapling":12,"hexerei:sage_seed":12,"minecraft:rotten_flesh":21,"minecraft:arrow":23,"butchersdelight:deadsheep":2,"regions_unexplored:blue_magnolia_sapling":22,"butchersdelightfoods:coockedbeeftenderloin":1,"minecraft:hay_block":2,"supplementaries:ash":3,"minecraft:skeleton_skull":2,"minecraft:white_wool":1,"minecraft:cobblestone":556,"born_in_chaos_v1:corpse_maggot":1,"minecraft:black_bed":3,"minecraft:brown_wool":1,"butchersdelight:deadpig":4,"minecraft:oak_log":30,"minecraft:gunpowder":12,"minecraft:cobblestone_stairs":3,"minecraft:dirt":129,"minecraft:cooked_mutton":2,"butchersdelightfoods:cookedbeefribs":4,"minecraft:bone":24,"minecraft:apple":1,"boh:kindness_flower":3,"butchersdelightfoods:cookedsheeprack":2,"regions_unexplored:magnolia_planks":4,"minecraft:wheat_seeds":25,"regions_unexplored:magnolia_slab":3,"ftbquests:book":1,"butchersdelightfoods:cookedsheepshank":2,"minecraft:oak_planks":6,"hexerei:animal_fat":1,"minecraft:oak_slab":2,"butchersdelightfoods:porkloin":1,"immersiveengineering:raw_aluminum":5,"undead_unleashed:grave_metal_scrap":31,"tenebrous_lands:zenyr":1,"quark:oak_chest":1,"minecraft:spider_eye":1,"regions_unexplored:hyssop":3,"regions_unexplored:fireweed":3,"immersiveengineering:seed":23,"minecraft:gray_wool":1,"minecraft:bread":16,"minecraft:oak_sapling":2,"minecraft:black_wool":1,"minecraft:coal":15},"minecraft:mined":{"minecraft:hay_block":1,"minecraft:iron_ore":3,"treechop:chopped_log":5,"realmrpg_skeletons:rookie_skeleton":1,"minecraft:potatoes":1,"minecraft:vine":1,"minecraft:oak_stairs":2,"regions_unexplored:medium_grass":1,"minecraft:stone":531,"immersiveengineering:ore_aluminum":5,"minecraft:oak_slab":2,"minecraft:crafting_table":4,"minecraft:cornflower":1,"minecraft:tall_grass":5,"minecraft:cobblestone":19,"minecraft:oak_planks":4,"minecraft:wall_torch":5,"minecraft:skeleton_skull":1,"minecraft:black_bed":1,"minecraft:grass":16,"minecraft:oak_log":3,"minecraft:coal_ore":18,"minecraft:dirt":22,"minecraft:cobweb":4,"regions_unexplored:magnolia_planks":6,"minecraft:oak_leaves":3},"minecraft:killed_by":{"minecraft:player":4,"minecraft:creeper":4,"spore:inf_human":2,"tenebrous_lands:stalker":5,"undead_unleashed:frenzied_knight":3,"spore:inf_player":1,"cataclysm:deepling_brute":1,"minecraft:skeleton":11,"minecraft:zombie":1,"minecraft:pig":1,"tenebrous_lands:eynelvoonge":2}},"DataVersion":3120}